이미지번호,파일명,장,대본구간(v2 기준),문장수,시작(예상),끝(예상),길이(초),대본
1,0001.png,[오프닝],1,1,0:00:00,0:00:03,3.1,"""아씨, 그 비단은 사지 마세요."""
2,0002.png,[오프닝],2,1,0:00:03,0:00:10,7.6,장터 한복판에서 누더기를 걸친 거지 소녀가 양반댁 며느리의 치맛자락을 붙들었습니다.
3,0003.png,[오프닝],3,1,0:00:10,0:00:18,8.2,며느리의 품에는 시어머니가 삼십 년 동안 꽂고 다니던 은비녀를 팔아 마련한 돈이 들어 있었지요.
4,0004.png,[오프닝],4,1,0:00:18,0:00:21,2.7,"한 달 뒤면 시누이의 혼례였고,"
5,0005.png,[오프닝],5,1,0:00:21,0:00:25,3.9,그 돈은 예단 비단을 살 마지막 돈이었습니다.
6,0006.png,[오프닝],6,1,0:00:25,0:00:27,2.5,그런데 이상했지요.
7,0007.png,[오프닝],7,1,0:00:27,0:00:34,6.3,"거지 소녀는 비단을 만져 보지도 않고, 코끝을 대고 냄새부터 맡았습니다."
8,0008.png,[오프닝],8,1,0:00:34,0:00:38,4.1,"그리고 비단 장수가 부채를 탁 펴는 소리가 나자,"
9,0009.png,[오프닝],9,1,0:00:38,0:00:42,4.5,소녀는 얼굴을 가리며 며느리의 등 뒤로 숨었습니다.
10,0010.png,[오프닝],10,1,0:00:42,0:00:48,5.3,며느리는 돈주머니를 도로 품에 넣고 빈손으로 돌아섰습니다.
11,0011.png,[오프닝],11~13,3,0:00:48,0:01:01,13.7,"""거지 계집 말 한마디에 가문의 혼사를 내던졌단 말이냐?"" 시어머니의 불호령이 떨어졌고, 온 고을이 그 집을 비웃었지요. 대체 그 거지 소녀는 누구였을까요?"
12,0012.png,[오프닝],14~17,4,0:01:01,0:01:17,15.7,"그리고 한 달 뒤, 그 비단을 산 집들과 사지 않은 집에는 각각 무슨 일이 벌어졌을까요? 여러분과 함께 옛날이야기를 나누는 [채널명]입니다. 지금부터 그 이야기를 들려 드리겠습니다."
13,0013.png,[1장. 소매 속에 감춘 손],18~20,3,0:01:17,0:01:33,15.9,"고갯마루 아래 큰 고을에 한씨 댁이라는 오래된 양반 집안이 있었습니다. 대문 위에는 돌아가신 시아버지가 한양에서 벼슬하던 시절의 현판이 아직 걸려 있었지요. 하지만 현판만 번듯할 뿐,"
14,0014.png,[1장. 소매 속에 감춘 손],21,1,0:01:33,0:01:39,5.9,곳간은 비어 가고 논밭은 하나둘 남의 손으로 넘어간 지 오래였습니다.
15,0015.png,[1장. 소매 속에 감춘 손],22,1,0:01:39,0:01:43,4.1,그 집에 은실이가 시집온 지 삼 년이 되었습니다.
16,0016.png,[1장. 소매 속에 감춘 손],23~26,4,0:01:43,0:01:58,15.3,"은실이는 가난한 선비 집안의 딸이었습니다. 혼인날 가마에서 내리던 순간, 은실이는 금이 간 기왓장과 빛바랜 단청을 보고 알았지요. 이 집이 겉만 번지르르하다는 것을 말입니다."
17,0017.png,[1장. 소매 속에 감춘 손],27~31,5,0:01:58,0:02:20,21.4,"서방님은 순한 선비였으나 사랑방에서 책장만 넘길 줄 알았고, 살림은 시어머니 조씨 부인이 홀로 쥐고 계셨지요. 시어머니는 체면을 목숨처럼 여기는 분이었습니다. ""양반가 안사람은 장터에서 값을 깎지 않는다."" ""굶어도 굶는 티를 내지 말거라."""
18,0018.png,[1장. 소매 속에 감춘 손],32~36,5,0:02:20,0:02:40,20.6,"말씀은 늘 짧고 차가웠습니다. 그런데 은실이에게는 시어머니에 대해 이상하게 여기는 것이 하나 있었습니다. 시어머니는 사람 앞에서 결코 손을 내놓지 않으셨지요. 한여름에도 소매 긴 저고리를 입고, 손을 소매 속에 넣은 채 말씀하셨습니다."
19,0019.png,[1장. 소매 속에 감춘 손],37~42,6,0:02:40,0:03:06,26.1,"시집온 첫해 겨울, 은실이는 딱 한 번 그 손을 본 적이 있었습니다. 양반 댁 마님의 손이라기에는 너무 거칠었지요. 손가락 마디마다 굳은살이 박여 있었고, 손끝에는 가느다란 흉터가 줄줄이 나 있었습니다. 시어머니는 은실이의 눈길을 느끼자마자 손을 거두셨고, 그 뒤로 다시는 그 손을 보여 주지 않으셨지요."
20,0020.png,[1장. 소매 속에 감춘 손],43~44,2,0:03:06,0:03:17,10.8,"그해 가을, 기다리던 소식이 들어왔습니다. 열여섯 살 시누이 연지 아기씨의 혼처가 이웃 고을 박 대감 댁으로 정해진 것입니다."
21,0021.png,[1장. 소매 속에 감춘 손],45~49,5,0:03:17,0:03:40,22.4,"박 대감은 오랫동안 한양 상의원에서 임금님의 옷감을 맡아보던 분이었지요. 그런데 칠 년 전, 궁에 올린 진상 비단이 창고에서 통째로 삭아 버린 일이 있었습니다. 비단을 짠 장인은 곤장을 맞고 죽었고, 박 대감은 그 일로 벼슬을 내려놓고 고향으로 내려왔다고 했지요."
22,0022.png,[1장. 소매 속에 감춘 손],50~53,4,0:03:40,0:03:55,15.3,"사람들은 이렇게 수군거렸습니다. ""박 대감은 그 뒤로 비단 한 필 볼 때마다 한숨을 쉬신다더라. 예단 비단이 허술하면 혼사도 깨신다더라."" 혼례 날짜는 딱 한 달 뒤로 잡혔습니다."
23,0023.png,[1장. 소매 속에 감춘 손],54~57,4,0:03:55,0:04:14,19.0,"그날 밤, 시어머니가 은실이를 안방으로 불렀습니다. 등잔불 아래 작은 비단 주머니 하나가 놓여 있었지요. 주머니 안에는 엽전 꾸러미 세 줄이 들어 있었습니다. 은실이는 저도 모르게 시어머니의 머리를 올려다보았습니다."
24,0024.png,[1장. 소매 속에 감춘 손],58~63,6,0:04:14,0:04:36,22.4,"삼십 년 동안 한 번도 빠진 적 없던 은비녀가 보이지 않았지요. ""어머님, 비녀를…"" ""쓸데없는 소리 말거라. 모레 장날에 나가 고을에서 제일 좋은 비단을 떠 오너라."" 시어머니는 소매 속에 손을 넣은 채 돌아앉으셨습니다. ""네 눈이 밝으니 너에게 맡기는 게다."""
25,0025.png,[1장. 소매 속에 감춘 손],64~65,2,0:04:36,0:04:43,7.1,은실이는 두 손으로 주머니를 받았습니다. 주머니가 유난히 무겁게 느껴졌습니다.
26,0026.png,[2장. 장터의 거지 소녀],66~70,5,0:04:43,0:05:03,19.8,"장날 아침, 은실이는 동이 트자마자 장터로 나섰습니다. 돈주머니는 저고리 안섶에 단단히 매달았지요. 엿장수 가위 소리, 국밥 솥에서 끓어오르는 김, 소 흥정하는 소리로 장터는 이른 아침부터 떠들썩했습니다. 포목전 골목 초입,"
27,0027.png,[2장. 장터의 거지 소녀],71~75,5,0:05:03,0:05:25,21.6,"무너진 담장 아래에 늘 보던 아이가 웅크리고 있었습니다. 열 살 남짓한 거지 소녀였지요. 머리는 새 둥지처럼 헝클어졌고, 발에는 짚신 한 짝만 걸쳐져 있었습니다. 장터 사람들은 그 아이를 꽃님이라고 불렀습니다. 어디서 흘러왔는지 아는 사람은 없었고,"
28,0028.png,[2장. 장터의 거지 소녀],76~79,4,0:05:25,0:05:42,17.6,장터 뒤 무너진 물레방앗간에서 혼자 잔다는 것만 알려져 있었지요. 은실이는 장에 나올 때마다 그 아이에게 주먹밥 한 덩이를 건넸습니다. 넉넉해서가 아니었습니다. 제 몫의 아침을 거르고 싸 온 것이었지요.
29,0029.png,[2장. 장터의 거지 소녀],80~84,5,0:05:42,0:06:05,22.2,"""꽃님아, 오늘도 굶었느냐?"" 꽃님이는 주먹밥을 받아 들고도 곧바로 먹지 않았습니다. 은실이에게 고개를 꾸벅 숙인 다음에야 한 입 베어 물었지요. 은실이는 그 모습이 늘 마음에 걸렸습니다. 거지 아이치고는 앉은 자세도, 밥을 쥔 손끝도 너무 반듯했거든요."
30,0030.png,[2장. 장터의 거지 소녀],85~89,5,0:06:05,0:06:26,21.4,"그리고 또 하나. 이 아이는 포목전 골목 앞에서만 지냈습니다. 비단 필이 바람에 나부끼면 한참 동안 그것만 바라보았지요. 가끔은 포목전 앞에 떨어진 실 부스러기를 주워 손가락에 감아 보기도 했습니다. 거지 아이가 왜 밥보다 실을 더 오래 들여다보는지,"
31,0031.png,[2장. 장터의 거지 소녀],90~94,5,0:06:26,0:06:45,19.0,"장터 사람들은 궁금해하지도 않았지요. ""아씨는 오늘 무얼 사러 나오셨어요?"" ""아기씨 혼례에 쓸 비단을 뜨러 왔단다."" 꽃님이의 손이 잠깐 멈추었습니다. 하지만 은실이는 그것을 보지 못하고 골목 안으로 들어섰지요."
32,0032.png,[2장. 장터의 거지 소녀],95~99,5,0:06:45,0:07:07,22.2,"골목 한가운데에 처음 보는 커다란 가게가 들어서 있었습니다. 색색의 비단이 장대에 걸려 물결처럼 반짝였고, 고을 양반 댁 부인들이 구름처럼 모여 있었지요. ""한양 운종가에서 내려온 황 행수라 하오!"" 번쩍이는 비단 도포를 걸친 사내가 부채를 탁 펼쳤습니다."
33,0033.png,[2장. 장터의 거지 소녀],100~105,6,0:07:07,0:07:29,21.4,"얼굴은 기름을 바른 듯 번들거렸고, 손가락마다 옥가락지가 끼워져 있었지요. ""청나라 소주에서 건너온 비단이오. 이 고을 인심이 좋다 하여 한양 값의 절반만 받겠소!"" 부인들 사이에서 탄성이 터졌습니다. 황 행수가 비단 한 필을 쭉 펼쳐 보였습니다."
34,0034.png,[2장. 장터의 거지 소녀],106~111,6,0:07:29,0:07:52,23.3,"손으로 쓸면 물처럼 매끄러웠고, 들어 보면 묵직했지요. ""비단은 무게가 곧 값이오. 이만한 무게는 다시 못 보실 게요."" ""어머, 한씨 댁 며느님도 오셨구려."" 오 참봉 댁 부인이었습니다. 고을에서 가장 말이 많고, 한씨 댁 일이라면 무엇이든 입에 올리는 사람이었지요."
35,0035.png,[2장. 장터의 거지 소녀],112~116,5,0:07:52,0:08:14,21.8,"부인은 벌써 비단을 다섯 필이나 끌어안고 있었습니다. ""우리 딸 혼례가 스무날 남짓 남아 넉넉히 샀소. 그 댁 살림에 이만한 비단을 살 수나 있으려나 모르겠네."" 은실이는 대꾸하지 않고 황 행수 앞에 섰습니다. ""붉은 비단과 푸른 비단, 두 필씩 주시지요."""
36,0036.png,[2장. 장터의 거지 소녀],117~120,4,0:08:14,0:08:29,14.9,"""허허, 역시 눈이 높으시오!"" 은실이가 돈주머니 끈을 풀려던 바로 그 순간이었습니다. 누군가 뒤에서 치맛자락을 힘껏 붙잡았습니다. ""아씨, 그 비단은 사지 마세요."""
37,0037.png,[3장. 한 달만 기다려 보셔요],121~126,6,0:08:29,0:08:51,22.4,"꽃님이였습니다. 아이는 은실이 옆으로 비집고 들어와, 황 행수가 내민 비단 끄트머리에 코를 바짝 댔지요. 한 번, 두 번 냄새를 맡더니 얼굴이 하얗게 질렸습니다. ""이 계집이 어디서 재수 없게!"" 황 행수가 부채를 탁 접으며 발을 들어 아이의 어깨를 걷어찼습니다."
38,0038.png,[3장. 한 달만 기다려 보셔요],127~132,6,0:08:51,0:09:13,22.0,"꽃님이가 흙바닥에 나동그라졌지요. 그런데 이상한 일이었습니다. 황 행수가 씩씩거리며 부채를 다시 탁 펼치는 순간이었지요. 아이는 아파서 우는 게 아니라, 그 소리에 황급히 소매로 제 얼굴을 가렸습니다. 그러고는 은실이의 치마 뒤로 기어들어 숨었지요."
39,0039.png,[3장. 한 달만 기다려 보셔요],133~138,6,0:09:13,0:09:36,22.9,"마치 그 사내에게 얼굴을 들키면 안 된다는 듯이 말입니다. 부인들이 코를 막으며 물러섰습니다. ""거지 것이 어디 양반 댁 옷자락을 잡아."" 오 참봉 댁 부인은 부채로 얼굴을 가리며 웃었지요. 은실이는 몸을 숙여 아이의 귀에 대고 물었습니다. ""꽃님아, 왜 그러느냐?"""
40,0040.png,[3장. 한 달만 기다려 보셔요],139~144,6,0:09:36,0:09:59,23.3,"아이가 떨리는 목소리로 속삭였습니다. ""아씨, 저 비단 끄트머리를 손톱으로 한번 긁어 보셔요."" 은실이는 영문도 모른 채 아이의 말대로 해 보았습니다. 손톱 밑에 무언가 하얗고 끈적한 것이 묻어 나왔지요. 비단실에서 나올 수 없는 것이었습니다. 손끝을 코에 대어 보니,"
41,0041.png,[3장. 한 달만 기다려 보셔요],145~150,6,0:09:59,0:10:19,20.0,"아주 희미하게 쇠붙이 같은 비릿한 냄새가 났습니다. ""이게 무엇이냐?"" 꽃님이는 고개를 저었습니다. ""지금은 말씀 못 드려요. 제가 말하면 아무도 안 믿어요."" ""그럼 어찌하란 말이냐?"" 아이가 은실이의 소매를 꼭 쥐었습니다."
42,0042.png,[3장. 한 달만 기다려 보셔요],151~156,6,0:10:19,0:10:41,21.6,"""한 달만 기다려 보셔요. 저 비단 산 집들, 한 달 안에 다 울게 돼요."" 은실이는 아이의 눈을 들여다보았습니다. 거짓말을 하는 눈이 아니었습니다. 무언가를 이미 한 번 겪어 본 사람의 눈이었지요. 황 행수가 재빨리 비단을 거두어 가며 코웃음을 쳤습니다."
43,0043.png,[3장. 한 달만 기다려 보셔요],157~159,3,0:10:41,0:10:51,10.2,"""거지 계집 헛소리를 믿으시려거든 마음대로 하시오. 줄 선 분들이 많으니."" 은실이는 잠시 그 자리에 서 있었습니다."
44,0044.png,[3장. 한 달만 기다려 보셔요],160~161,2,0:10:51,0:11:00,9.2,이 비단을 포기하면 한 달 뒤 혼례에 내놓을 예단이 없어집니다. 시어머니의 은비녀 값이 허공에 뜨게 되지요.
45,0045.png,[3장. 한 달만 기다려 보셔요],162~166,5,0:11:00,0:11:22,21.6,"그런데도 손톱 밑의 그 끈적한 것이 자꾸 마음에 걸렸습니다. 은실이는 돈주머니를 도로 품에 넣었습니다. 그러고는 꽃님이의 손을 잡고 골목을 빠져나왔지요. 골목을 벗어나서야 꽃님이는 은실이의 치마 뒤에서 나왔습니다. 아이는 한 번 뒤를 돌아보더니,"
46,0046.png,[3장. 한 달만 기다려 보셔요],167~171,5,0:11:22,0:11:41,18.6,"황 행수의 가게 쪽을 오래도록 노려보았지요. 열 살 아이의 얼굴이라고는 믿기지 않을 만큼 서늘한 눈빛이었습니다. ""거지 말 듣고 비단을 안 사? 한씨 댁 며느님이 아주 정신이 나갔구먼!"" 오 참봉 댁 부인의 웃음소리는,"
47,0047.png,[3장. 한 달만 기다려 보셔요],172,1,0:11:41,0:11:45,4.3,은실이가 집에 닿기도 전에 온 고을에 퍼졌습니다.
48,0048.png,[4장. 건드리지 말아야 할 것],173~177,5,0:11:45,0:12:06,21.2,"은실이가 대문을 넘어서자, 시어머니가 마당 한가운데에 서 계셨습니다. 행랑아범이 장터에서 들은 이야기를 이미 한 마디도 빼놓지 않고 전한 뒤였지요. ""비단은 어디 있느냐?"" 은실이는 마당에 무릎을 꿇었습니다. ""어머님, 사지 않았습니다."
49,0049.png,[4장. 건드리지 말아야 할 것],178~183,6,0:12:06,0:12:27,21.2,"그 비단에는 무언가 이상한 것이 발려 있었습니다."" ""그것을 누가 알려 주었느냐?"" ""……장터의 아이가요."" ""거지 계집이 귀에 대고 속삭인 말을 듣고, 고을 부인들이 다 사 간 비단을 너 혼자 마다했다?"" 시어머니의 입술이 파르르 떨렸습니다."
50,0050.png,[4장. 건드리지 말아야 할 것],184~189,6,0:12:27,0:12:49,21.4,"""내가 무엇을 팔아 그 돈을 마련했는지 너는 알 것이다."" 은실이는 고개를 들 수가 없었습니다. 시어머니의 빈 머리가 눈앞에 선했으니까요. ""다음 장날에 나가 그 비단을 사 오너라. 그 황가라는 자가 떠나기 전에."" 은실이는 두 손을 땅에 짚었습니다."
51,0051.png,[4장. 건드리지 말아야 할 것],190~195,6,0:12:49,0:13:12,23.1,"그리고 삼 년 동안 한 번도 하지 않았던 일을 했지요. 시어머니의 말씀을 거스른 것입니다. ""어머님, 그 비단만은 사 올 수 없습니다."" 마당에 찬물을 끼얹은 듯한 정적이 흘렀습니다. ""대신 한 달 안에 아기씨 예단 비단을 소녀가 반드시 마련하겠습니다."" ""무슨 수로?"""
52,0052.png,[4장. 건드리지 말아야 할 것],196~199,4,0:13:12,0:13:29,16.7,"은실이는 숨을 한 번 고르고 말했습니다. ""광에 있는 베틀로 짜겠습니다."" 그 순간 시어머니의 얼굴에서 핏기가 싹 가셨습니다. 한씨 댁 광 가장 깊숙한 곳에는 거적을 덮은 무언가가 놓여 있었지요."
53,0053.png,[4장. 건드리지 말아야 할 것],200~202,3,0:13:29,0:13:39,10.6,"시집온 첫해, 은실이가 그 거적을 들추려 하자 시어머니가 손목을 낚아채며 말씀하셨습니다. ""그것은 건드리지 말거라."""
54,0054.png,[4장. 건드리지 말아야 할 것],203~208,6,0:13:39,0:14:01,21.4,"그때 시어머니의 목소리는 이상하게 떨리고 있었지요. 오늘도 꼭 그랬습니다. ""양반 댁 며느리가 베를 짜서 예단을 해? 온 고을이 우리를 상것이라 부를 게다."" ""이미 비웃고 있습니다, 어머님."" 은실이의 목소리는 떨렸지만 흔들리지 않았습니다."
55,0055.png,[4장. 건드리지 말아야 할 것],209~214,6,0:14:01,0:14:21,20.2,"""비웃음은 한 달이면 지나갑니다. 하지만 예단이 잘못되면 아기씨는 평생 그 집에서 고개를 들지 못합니다."" 시어머니는 오래도록 은실이를 내려다보셨습니다. 그리고 차갑게 한마디를 던지셨지요. ""좋다. 한 달이다."" ""……."""
56,0056.png,[4장. 건드리지 말아야 할 것],215~219,5,0:14:21,0:14:44,23.1,"""혼례 전날까지 박 대감 앞에 내놓을 만한 비단 한 필을 내놓지 못하면, 너는 이 집을 나가 친정으로 돌아가거라."" 건넌방에서 연지 아기씨의 흐느끼는 소리가 새어 나왔습니다. 시어머니는 돌아서서 안방으로 들어가셨지요. 방문이 닫히는 소리가 유난히 크게 울렸습니다."
57,0057.png,[4장. 건드리지 말아야 할 것],220~223,4,0:14:44,0:15:03,18.8,"그런데 은실이는 그 문이 닫히기 직전, 문틈으로 보았습니다. 시어머니가 방 안에 들어서자마자 소매에서 손을 꺼내, 그 손을 한참 동안 내려다보고 계신 것을요. 마치 오래 잊고 있던 무언가를 떠올리는 사람처럼 말입니다."
58,0058.png,[4장. 건드리지 말아야 할 것],224~226,3,0:15:03,0:15:17,14.3,은실이는 한참 동안 마당에 엎드린 채 일어나지 못했습니다. 그때 대문 밖 담장 그늘에서 조그만 머리 하나가 빼꼼 나왔습니다. 장터에서부터 몰래 따라온 꽃님이였지요.
59,0059.png,[5장. 먼지 속의 베틀],227~230,4,0:15:17,0:15:39,22.4,"그날 밤, 은실이는 꽃님이를 부엌 뒤로 데려가 식은 보리밥을 먹이고 무릎의 상처를 닦아 주었습니다. ""아씨, 저 때문에 쫓겨나시게 생겼어요."" ""네 탓이 아니다. 내가 만져 보고 내가 정한 일이야."" 은실이는 아이를 물레방앗간으로 돌려보낼 수가 없었습니다."
60,0060.png,[5장. 먼지 속의 베틀],231~234,4,0:15:39,0:15:59,20.0,"지붕이 반쯤 내려앉아 밤이면 강바람이 그대로 들이치는 곳이었으니까요. ""오늘부터는 우리 집 광에서 자거라. 어머님께는 내가 말씀드리마."" 은실이는 자기 헌 저고리를 꺼내 아이에게 입혔습니다. 소매가 손끝을 덮을 만큼 컸지요."
61,0061.png,[5장. 먼지 속의 베틀],235~238,4,0:15:59,0:16:16,16.3,"꽃님이는 그 소매를 코에 대고 한참 냄새를 맡더니 작게 웃었습니다. ""아씨 옷에서 밥 냄새가 나요."" 이튿날 새벽, 두 사람은 광문을 열었습니다. 퀴퀴한 냄새와 함께 먼지가 쏟아져 나왔지요."
62,0062.png,[5장. 먼지 속의 베틀],239~241,3,0:16:16,0:16:26,10.0,"광 가장 안쪽의 거적을 걷어 내자, 먼지 구름 속에서 베틀 하나가 모습을 드러냈습니다. 은실이는 숨을 들이켰습니다."
63,0063.png,[5장. 먼지 속의 베틀],242,1,0:16:26,0:16:30,4.5,시골 아낙들이 쓰는 투박한 무명 베틀이 아니었지요.
64,0064.png,[5장. 먼지 속의 베틀],243~247,5,0:16:30,0:16:52,22.2,"단단한 박달나무를 깎아 만든 틀에, 바디살은 한 올 한 올이 머리카락처럼 가늘었습니다. 비단을 짜기 위한 베틀이었습니다. 그것도 아주 솜씨 좋은 누군가가 오래도록 손때를 묻힌 베틀이었지요. 그때 꽃님이가 베틀 앞으로 다가가 바디를 가만히 쓰다듬었습니다."
65,0065.png,[5장. 먼지 속의 베틀],248~253,6,0:16:52,0:17:16,23.5,"아이의 손끝이 바디살 위에서 멈추었지요. ""아씨, 이건 비단 짜는 사람이 평생 쓰던 베틀이에요. 바디가 이렇게 반들반들 닳으려면 삼십 년은 걸려요."" ""너는 그런 걸 어찌 아느냐?"" 꽃님이는 대답 대신 고개를 숙였습니다. ""묻지 말아 주셔요. 때가 되면 말씀드릴게요."""
66,0066.png,[5장. 먼지 속의 베틀],254~257,4,0:17:16,0:17:28,12.2,은실이는 더 묻지 않았습니다. 대신 한 가지 생각이 머릿속을 떠나지 않았지요. 삼십 년. 이 집에서 삼십 년을 산 사람은 단 한 사람뿐이었습니다.
67,0067.png,[5장. 먼지 속의 베틀],258~262,5,0:17:28,0:17:51,23.3,"두 사람은 종일 베틀을 닦고, 헐거운 이음새에 쐐기를 박고, 삭은 끈을 새로 꼬아 갈았습니다. 해가 질 무렵, 은실이는 돈주머니에서 엽전 한 줄만 꺼냈습니다. 그 돈으로 장터 끝 우물가의 실 파는 할머니에게서 명주실을 샀지요. 꽃님이는 실타래를 하나하나 햇빛에 비춰 보고,"
68,0068.png,[5장. 먼지 속의 베틀],263~267,5,0:17:51,0:18:12,20.6,"손끝으로 비벼 보고, 입술에 대어 보았습니다. 실 파는 할머니가 눈을 동그랗게 떴습니다. ""허, 어린 것이 실 보는 눈이 나보다 낫구나."" 나머지 엽전 두 줄은 주머니째 장롱 깊숙이 넣어 두었습니다. 그 돈으로 해야 할 일이 따로 있었으니까요."
69,0069.png,[5장. 먼지 속의 베틀],268~272,5,0:18:12,0:18:32,20.0,"그날 밤, 은실이가 처음으로 베틀 앞에 앉아 북을 넣기 시작했을 때였습니다. 철커덕, 철커덕. 서툰 바디 소리가 광 밖으로 새어 나가자, 안방 창호지에 비친 그림자 하나가 벌떡 일어섰지요. 그림자는 한참 동안 그 자리에 서 있었습니다."
70,0070.png,[5장. 먼지 속의 베틀],273~275,3,0:18:32,0:18:46,14.3,"그러다 등잔불이 꺼지고, 안방은 조용해졌지요. 그러나 은실이는 알지 못했습니다. 그 밤, 시어머니가 불 꺼진 방 안에서 새벽까지 한숨도 주무시지 못했다는 것을요."
71,0071.png,[6장. 밤마다 고쳐지는 올],276~278,3,0:18:46,0:18:58,11.2,"그날 밤부터 한씨 댁 광에서는 베틀 소리가 끊이지 않았습니다. 철커덕, 철커덕. 그러나 비단 짜기는 생각보다 훨씬 어려웠습니다."
72,0072.png,[6장. 밤마다 고쳐지는 올],279,1,0:18:58,0:19:04,6.1,"무명실은 굵고 질겨서 세게 당겨도 끄떡없었지만, 명주실은 달랐지요."
73,0073.png,[6장. 밤마다 고쳐지는 올],280~283,4,0:19:04,0:19:24,20.0,조금만 힘을 잘못 주어도 올이 툭 끊어졌습니다. 한 올이 끊어지면 그 자리를 찾아 잇는 데만 반 시진이 걸렸습니다. 사흘 밤을 새웠는데도 짠 것은 손바닥 두 개 너비가 고작이었지요. 그마저도 올이 고르지 않아 군데군데 울퉁불퉁했습니다.
74,0074.png,[6장. 밤마다 고쳐지는 올],284~288,5,0:19:24,0:19:43,19.0,"은실이의 손가락은 실에 베여 성한 곳이 없었습니다. 그날 밤, 연지 아기씨가 광문을 벌컥 열었습니다. 눈이 퉁퉁 부어 있었지요. ""언니 때문에 제 혼사가 깨지면 어쩌실 거예요? 박 대감 댁에 흰 무명 같은 걸 들고 가라고요?"""
75,0075.png,[6장. 밤마다 고쳐지는 올],289~293,5,0:19:43,0:20:01,18.0,"은실이는 대답 대신 짜다 만 비단을 가만히 들어 보였습니다. 울퉁불퉁한 올 사이로 핏자국이 군데군데 배어 있었지요. 아기씨는 그것을 보고는 입술을 깨물더니, 아무 말 없이 문을 닫고 돌아갔습니다. 넷째 날 밤,"
76,0076.png,[6장. 밤마다 고쳐지는 올],294~297,4,0:20:01,0:20:22,21.6,"은실이는 끊어진 올을 붙잡고 씨름하다가 베틀에 기댄 채 그만 잠이 들고 말았지요. 이튿날 새벽, 은실이는 눈을 뜨자마자 베틀을 보고 굳어 버렸습니다. 어젯밤 끊어진 채 두었던 올들이 모두 이어져 있었습니다. 매듭 자리가 보이지 않을 만큼 감쪽같았지요."
77,0077.png,[6장. 밤마다 고쳐지는 올],298~303,6,0:20:22,0:20:44,21.6,"울퉁불퉁하던 서너 줄은 아예 풀려 있었고, 그 자리가 물결처럼 고르게 다시 짜여 있었습니다. ""꽃님아, 네가 했느냐?"" 광 구석에서 자던 꽃님이가 눈을 비비며 고개를 저었습니다. ""저는 이렇게 못 해요, 아씨. 이건… 아주 오래 짜 본 사람 손이에요."""
78,0078.png,[6장. 밤마다 고쳐지는 올],304~306,3,0:20:44,0:20:56,12.4,"그날 밤도, 그다음 날 밤도 마찬가지였습니다. 은실이가 잠들고 나면 누군가 광에 들어와 끊어진 올을 잇고, 잘못 짠 줄을 풀어 다시 짜 놓고 갔지요."
79,0079.png,[6장. 밤마다 고쳐지는 올],307~311,5,0:20:56,0:21:17,20.6,"발자국 하나 남기지 않았습니다. 행랑아범은 광 앞을 지날 때마다 몸을 움츠렸습니다. ""작은마님, 한밤중에 광에서 베 짜는 소리가 난다고 동네에 소문이 났습니다요. 귀신이 짠다고요."" 소문은 금세 오 참봉 댁 부인의 귀에도 들어갔습니다."
80,0080.png,[6장. 밤마다 고쳐지는 올],312~316,5,0:21:17,0:21:38,21.4,"부인은 그날 오후 직접 한씨 댁 대문을 두드렸지요. ""아이고, 마님. 우리 딸 혼례가 보름 남짓 앞이라 초대하러 왔소. 한양 비단으로 활옷을 지었더니 어찌나 고운지."" 부인의 눈길이 광 쪽으로 향했습니다. ""그런데 이 댁은 며느님이 베를 짠다면서요?"
81,0081.png,[6장. 밤마다 고쳐지는 올],317~319,3,0:21:38,0:21:53,14.3,"밤마다 귀신까지 거든다던데. 우리 같으면 체면이 깎여서 못 할 일이오."" 시어머니는 대꾸하지 않으셨습니다. 다만 찻잔을 쥔 손을 슬그머니 소매 속으로 거두셨지요."
82,0082.png,[6장. 밤마다 고쳐지는 올],320~326,7,0:21:53,0:22:15,22.7,"부인이 돌아간 뒤, 시어머니가 광문 앞에 서셨습니다. 문턱은 넘지 않으셨지요. 베틀에 걸린 비단 자락을 한참 동안 내려다보시더니, 차갑게 한마디만 던지셨습니다. ""그것으로 박 대감 앞에 설 셈이냐?"" 그러고는 돌아서 가셨지요. 그런데 은실이는 보았습니다."
83,0083.png,[6장. 밤마다 고쳐지는 올],327~328,2,0:22:15,0:22:28,12.2,"돌아서는 시어머니의 소매 끝에, 명주실 한 가닥이 걸려 있었습니다. 이 집에서 명주실을 만지는 사람은 은실이와 꽃님이뿐이었는데 말입니다."
84,0084.png,[7장. 끊어진 날실],329~333,5,0:22:28,0:22:51,23.9,"보름째 되던 날, 실 바구니가 바닥을 드러냈습니다. 서툴게 짜느라 끊어 먹은 실이 너무 많았던 것입니다. 장롱 속 엽전 두 줄에는 손을 댈 수 없었습니다. 은실이는 대신 장롱 맨 아래 칸에서 작은 보자기 하나를 꺼냈지요. 시집오던 날 친정어머니가 끼워 주신 은가락지 한 쌍이었습니다."
85,0085.png,[7장. 끊어진 날실],334,1,0:22:51,0:22:56,4.9,"""살다가 정 힘들면 팔거라. 그 전에는 절대 빼지 말고."""
86,0086.png,[7장. 끊어진 날실],335~337,3,0:22:56,0:23:14,18.0,"은실이는 친정어머니의 목소리를 떠올리며 가락지를 한참 들여다보았습니다. 그리고 그날 오후, 그 가락지는 실 파는 할머니의 손에 넘어갔지요. 할머니는 말없이 실타래를 바구니가 넘치도록 담아 주었습니다."
87,0087.png,[7장. 끊어진 날실],338~341,4,0:23:14,0:23:32,18.2,실 바구니를 이고 장터를 빠져나오던 길이었습니다. 꽃님이가 갑자기 은실이의 치마 뒤로 몸을 숨겼지요. 포목전 앞에서 황 행수가 이쪽을 보고 있었습니다. 황 행수의 눈이 꽃님이의 얼굴 위에서 한참 멈추었습니다.
88,0088.png,[7장. 끊어진 날실],342~347,6,0:23:32,0:23:56,23.5,"늘 걸려 있던 번들거리는 웃음이 그 얼굴에서 스르르 사라졌지요. 황 행수는 부채를 천천히 접었습니다. 집으로 돌아오는 내내 꽃님이는 은실이의 손을 놓지 않았습니다. 작은 손이 얼음처럼 차가웠지요. ""꽃님아, 저 사람을 아느냐?"" 아이는 한참 만에 고개를 끄덕였습니다."
89,0089.png,[7장. 끊어진 날실],348~353,6,0:23:56,0:24:17,21.2,"""아씨, 그 사람이 저를 알아봤어요."" ""그게 무슨 말이냐?"" 꽃님이는 입술을 깨문 채 더는 대답하지 않았습니다. 다만 그날 밤, 아이는 처음으로 베틀 곁이 아니라 광문 바로 앞에 짚자리를 폈지요. 누가 들어오면 제가 먼저 막겠다는 듯이 말입니다."
90,0090.png,[7장. 끊어진 날실],354~357,4,0:24:17,0:24:31,14.1,"그날 밤은 달이 없는 그믐밤이었습니다. 꽃님이는 광에서 혼자 베틀 곁에 잠들어 있었지요. 자정이 넘었을 무렵, 광 뒤편 담장 위로 검은 그림자 하나가 넘어왔습니다."
91,0091.png,[7장. 끊어진 날실],358~363,6,0:24:31,0:24:54,22.7,그림자는 소리 없이 광문을 열고 베틀 앞으로 다가갔지요. 손에는 시퍼런 낫이 들려 있었습니다. 쓰윽. 팽팽하게 걸려 있던 날실 한 뭉텅이가 힘없이 끊어져 늘어졌습니다. 그 소리에 꽃님이가 눈을 떴지요. 그림자가 이번에는 짜 놓은 비단 쪽으로 낫을 치켜들었습니다.
92,0092.png,[7장. 끊어진 날실],364~368,5,0:24:54,0:25:15,21.2,"꽃님이가 벌떡 일어나 두 팔을 벌리고 비단 자락을 끌어안았습니다. ""안 돼요! 이건 안 돼요!"" 사내가 아이를 걷어찼고, 꽃님이는 베틀 기둥에 머리를 부딪혔습니다. 그래도 비단을 끌어안은 두 팔은 풀리지 않았지요. ""도둑이야! 사람 살려요!"""
93,0093.png,[7장. 끊어진 날실],369~373,5,0:25:15,0:25:36,21.4,"사랑방에서 서방님이 장작을 들고 뛰쳐나오자, 사내는 낫을 내던지고 담장을 넘어 사라졌습니다. 글만 읽던 선비가 맨발로 마당을 가로질러 달리는 모습을, 은실이는 시집온 뒤 처음 보았습니다. 서방님은 담장 밑까지 쫓아갔다가 숨을 헐떡이며 돌아와,"
94,0094.png,[7장. 끊어진 날실],374~378,5,0:25:36,0:25:58,21.2,"떨리는 손으로 장작을 내려놓았지요. ""이제부터 광문 앞은 내가 지키겠소."" 그것이 삼 년 동안 서방님이 처음으로 한 약속이었습니다. 등잔을 들고 달려온 은실이는 비단을 끌어안고 쓰러진 아이를 보았습니다. 이마에서 피가 흘러내리고 있었지요."
95,0095.png,[7장. 끊어진 날실],379~380,2,0:25:58,0:26:06,8.6,"""아씨… 비단은 괜찮아요. 꼭 안고 있었어요."" 은실이는 아이를 끌어안고 소리 없이 울었습니다."
96,0096.png,[8장. 빗속으로 사라진 아이],381~386,6,0:26:06,0:26:28,21.8,"이튿날 아침, 시어머니가 광 앞에 서셨습니다. 바닥에 떨어진 낫과 끊어진 날실, 그리고 이마에 헝겊을 동여맨 꽃님이를 차례로 내려다보셨지요. ""그 아이를 내보내거라."" 은실이가 놀라 고개를 들었습니다. ""어머님, 이 아이는 비단을 지키려다가…"""
97,0097.png,[8장. 빗속으로 사라진 아이],387~391,5,0:26:28,0:26:51,22.7,"""거지 계집 하나 들였다가 집에 칼 든 놈이 넘어왔다. 다음엔 무엇이 넘어오겠느냐?"" 시어머니의 목소리는 얼음처럼 차가웠습니다. ""오늘 해 지기 전에 내보내거라. 그리고 그 베틀도 도로 거적을 덮어라. 날실이 반이나 잘렸으니 이제 한 달 안에 끝내기는 글렀다."""
98,0098.png,[8장. 빗속으로 사라진 아이],392~394,3,0:26:51,0:27:05,13.9,"은실이는 마당에 엎드려 빌었습니다. 그러나 시어머니는 끝내 돌아보지 않으셨지요. 그날 오후, 하늘이 시커멓게 내려앉더니 장대비가 쏟아지기 시작했습니다."
99,0099.png,[8장. 빗속으로 사라진 아이],395~399,5,0:27:05,0:27:26,21.8,"은실이가 죽을 쑤어 광에 들어갔을 때, 꽃님이는 보이지 않았습니다. 짚자리 위에는 은실이가 입혀 준 헌 저고리가 곱게 개어져 있었지요. 그 위에 주먹밥 한 덩이가 놓여 있었습니다. 은실이가 오늘 아침 건넨 것을, 아이는 한 입도 먹지 않고 두고 간 것이었지요."
100,0100.png,[8장. 빗속으로 사라진 아이],400~403,4,0:27:26,0:27:46,20.0,"은실이는 우산도 없이 빗속으로 뛰쳐나갔습니다. 장터를 지나고, 포목전 골목을 지나고, 무너진 물레방앗간에 닿았을 때는 이미 온몸이 흠뻑 젖어 있었습니다. 반쯤 내려앉은 지붕 아래, 젖은 짚더미 위에 꽃님이가 웅크리고 있었지요."
101,0101.png,[8장. 빗속으로 사라진 아이],404~410,7,0:27:46,0:28:09,22.9,"이마의 헝겊은 빗물과 피로 얼룩져 있었고, 몸은 불덩이처럼 뜨거웠습니다. ""꽃님아!"" 아이가 가늘게 눈을 떴습니다. ""아씨… 저 때문에 아씨가 쫓겨나면 안 돼요. 저는 원래 여기가 제자리예요."" ""네 자리는 여기가 아니다."" 은실이는 아이를 등에 업었습니다."
102,0102.png,[8장. 빗속으로 사라진 아이],411~415,5,0:28:09,0:28:32,22.4,"뼈만 남은 몸이 어린아이처럼 가벼웠지요. 빗속을 걸어 돌아오는 동안, 등 뒤에서 아이가 헛소리처럼 중얼거렸습니다. ""아버지… 매화가 안 피어요… 아버지 꽃이 안 피어요…"" 은실이는 그 말의 뜻을 알 수 없었습니다. 다만 아이를 업은 팔에 더 힘을 줄 뿐이었지요."
103,0103.png,[8장. 빗속으로 사라진 아이],416~419,4,0:28:32,0:28:48,16.5,"한씨 댁 대문 앞에 닿았을 때, 은실이는 대문이 빗장 없이 열려 있는 것을 보았습니다. 누군가 일부러 열어 두고 기다린 것처럼 말입니다. 은실이는 아이를 광에 눕히고 밤새 이마의 열을 식혔습니다."
104,0104.png,[8장. 빗속으로 사라진 아이],420~423,4,0:28:48,0:29:10,21.4,"자정 무렵, 물을 길으러 잠깐 우물에 다녀온 사이였습니다. 광에 돌아와 보니 꽃님이 머리맡에 따뜻한 죽 한 그릇과 약탕기가 놓여 있었지요. 약탕기에서는 아직 김이 오르고 있었습니다. 은실이는 광문 밖을 내다보았지만, 마당에는 아무도 없었습니다."
105,0105.png,[8장. 빗속으로 사라진 아이],424~429,6,0:29:10,0:29:34,24.3,"다만 안방 창호지에 비친 등잔불이, 그 밤 내내 꺼지지 않았지요. 혼례까지 남은 날은 보름도 되지 않았습니다. 날실은 반이 잘려 나갔고, 비단은 반 필도 되지 않았습니다. 실을 볼 줄 아는 아이는 열에 들떠 누워 있었지요. 은실이는 그날 밤 처음으로 생각했습니다. 이제는 정말 끝이구나."
106,0106.png,[9장. 광에 앉은 사람],430~434,5,0:29:34,0:29:46,12.2,새벽녘이었습니다. 꽃님이 곁에서 꾸벅꾸벅 졸던 은실이는 어떤 소리에 눈을 떴습니다. 철컥. 베틀 소리였지요. 그런데 소리가 달랐습니다.
107,0107.png,[9장. 광에 앉은 사람],435,1,0:29:46,0:29:50,3.3,"은실이가 칠 때는 쾅쾅 울리던 바디가,"
108,0108.png,[9장. 광에 앉은 사람],436~441,6,0:29:50,0:30:09,19.4,"사르르 감기듯 실에 닿는 소리였습니다. 철컥, 철컥, 철컥. 은실이는 숨을 죽이고 고개를 돌렸습니다. 등잔불 아래, 누군가 베틀 앞에 앉아 있었지요. 흰 속적삼 차림에, 머리는 비녀도 없이 무명 끈으로 질끈 묶여 있었습니다."
109,0109.png,[9장. 광에 앉은 사람],442~446,5,0:30:09,0:30:30,21.2,"잘렸던 날실이 어느새 절반 넘게 다시 걸려 있었고, 그 앞에서 북이 물고기처럼 날실 사이를 빠져나가고 있었지요. 그 사람이 손을 멈추고 끊어진 올을 비벼 이었습니다. 눈 깜짝할 사이에, 매듭 자리 하나 없이 말입니다. 등잔불이 그 손을 비추었습니다."
110,0110.png,[9장. 광에 앉은 사람],447,1,0:30:30,0:30:37,6.5,"마디마다 굳은살이 박이고, 손끝에 가느다란 흉터가 줄줄이 난 손이었지요."
111,0111.png,[9장. 광에 앉은 사람],448,1,0:30:37,0:30:41,4.7,은실이가 삼 년 전 딱 한 번 보았던 바로 그 손이었습니다.
112,0112.png,[9장. 광에 앉은 사람],449~454,6,0:30:41,0:30:59,17.3,"""……어머님."" 시어머니의 손이 멈추었습니다. 한참 동안 아무 말씀이 없으셨지요. 이윽고 베틀에서 눈을 떼지 않은 채 입을 여셨습니다. ""이 베틀은 내 친정아버지가 깎아 주신 것이다."" ""……."""
113,0113.png,[9장. 광에 앉은 사람],455~456,2,0:30:59,0:31:06,7.3,"""우리 친정은 대대로 비단을 짜는 집이었다. 양반이 아니었지. 중인 집안이었다."""
114,0114.png,[9장. 광에 앉은 사람],457,1,0:31:06,0:31:09,3.3,은실이는 처음 듣는 이야기였습니다.
115,0115.png,[9장. 광에 앉은 사람],458~459,2,0:31:09,0:31:21,11.6,"""내 솜씨가 소문이 나서 이 집 시아버님이 나를 며느리로 들이셨다. 그러나 시어머님은 상것 집안 딸을 들였다고 평생 부끄러워하셨지."""
116,0116.png,[9장. 광에 앉은 사람],460,1,0:31:21,0:31:26,5.3,시어머니의 손끝이 반들반들 닳은 바디를 천천히 쓸었습니다.
117,0117.png,[9장. 광에 앉은 사람],461~462,2,0:31:26,0:31:39,12.2,"""시집오던 날, 시어머님이 이 베틀을 광에 넣고 거적을 덮으셨다. 양반 댁 안사람이 베를 짜면 온 고을이 우리를 상것이라 부를 거라 하시면서."""
118,0118.png,[9장. 광에 앉은 사람],463,1,0:31:39,0:31:41,2.5,"""그 뒤로 삼십 년이다."
119,0119.png,[9장. 광에 앉은 사람],464,1,0:31:41,0:31:47,5.5,"사람 앞에서는 손도 내놓지 않고 살았다. 굳은살을 들킬까 봐."""
120,0120.png,[9장. 광에 앉은 사람],465,1,0:31:47,0:31:50,3.1,은실이의 눈에 눈물이 고였습니다.
121,0121.png,[9장. 광에 앉은 사람],466,1,0:31:50,0:31:52,2.5,"체면, 체면, 체면."
122,0122.png,[9장. 광에 앉은 사람],467~471,5,0:31:52,0:32:14,21.4,"시어머니가 그토록 붙들고 있던 체면이 어디서 왔는지 그제야 알 것 같았지요. ""그럼 밤마다 올을 이어 놓으신 것도…"" ""네 바디질이 하도 험해서 차마 볼 수가 없더구나."" 시어머니가 처음으로 은실이를 돌아보셨습니다. ""그 아이를 내보내라 한 것은,"
123,0123.png,[9장. 광에 앉은 사람],472,1,0:32:14,0:32:17,3.9,"다음번엔 그 낫이 네 목으로 올까 봐서였다."""
124,0124.png,[9장. 광에 앉은 사람],473,1,0:32:17,0:32:20,2.5,"""……."""
125,0125.png,[9장. 광에 앉은 사람],474~475,2,0:32:20,0:32:31,10.6,"""그런데 네가 빗속으로 뛰어나가는 걸 보고 알았다. 너는 그 아이를 버릴 사람이 아니라는 걸. 그래서 대문을 열어 두었다."""
126,0126.png,[9장. 광에 앉은 사람],476~482,7,0:32:31,0:32:52,21.8,"""그럼 한 달이라 하신 것은…"" 시어머니가 잠시 말을 멈추셨습니다. ""네가 제풀에 지쳐 그만두기를 바랐다."" ""……."" ""이 베틀 앞에 한번 앉으면, 너도 나처럼 평생 손을 숨기며 살게 될까 봐 무서웠다. 그래서 모질게 굴었다. 네 손가락이 베일 때마다,"
127,0127.png,[9장. 광에 앉은 사람],483,1,0:32:52,0:32:57,4.3,"밤에 몰래 와서 올이나 이어 주는 것밖에 못 했다."""
128,0128.png,[9장. 광에 앉은 사람],484~487,4,0:32:57,0:33:16,19.4,"시어머니가 은실이의 손을 끌어당기셨습니다. 실에 베인 자국들이 등잔불 아래 붉게 부어 있었지요. ""그런데 너는 그만두지 않더구나. 삼십 년 전의 나는 그만두었는데."" 은실이는 그 자리에 무릎을 꿇고 소리 없이 울었습니다."
129,0129.png,[9장. 광에 앉은 사람],488~493,6,0:33:16,0:33:38,22.0,"삼 년 동안 차갑기만 하던 그 목소리 뒤에 무엇이 있었는지, 이제야 보였으니까요. 그때 광 구석에서 가느다란 목소리가 들려왔습니다. ""마님."" 열에 들떠 누워 있던 꽃님이가 어느새 눈을 뜨고 있었지요. 아이는 비틀거리며 일어나 베틀 곁으로 기어왔습니다."
130,0130.png,[9장. 광에 앉은 사람],494~499,6,0:33:38,0:34:01,23.3,"그러고는 시어머니의 손을 한참 지켜보더니 조심스레 입을 열었지요. ""마님, 여기서 날실 두 올을 건너뛰고 세 번째 올로 북을 넣어 보시겠어요? 다음 줄은 반대로요."" 시어머니가 아이를 내려다보셨습니다. 말없이 아이가 말한 대로 북을 넣으셨지요. 한 줄, 두 줄, 세 줄."
131,0131.png,[9장. 광에 앉은 사람],500~504,5,0:34:01,0:34:21,19.2,"꽃님이가 옆에서 손가락을 꼽으며 올 수를 세었습니다. 틀리면 풀고, 다시 짰지요. 창살 틈으로 새벽 햇살이 비스듬히 들어왔을 때였습니다. 은실이가 비단 자락을 살짝 들어 빛에 비춰 보았지요. ""어머님… 이것 좀 보셔요."""
132,0132.png,[9장. 광에 앉은 사람],505~510,6,0:34:21,0:34:44,23.5,"아무것도 없어 보이던 흰 비단 위에 희미한 꽃잎 하나가 떠올라 있었습니다. 다섯 장 꽃잎이 동그랗게 모인 매화였지요. 빛이 닿는 각도를 바꾸자 꽃이 사라졌다가 다시 피어났습니다. 시어머니의 손이 떨리기 시작했습니다. ""매화 암문이다…"" ""어머님, 이게 무엇입니까?"""
133,0133.png,[9장. 광에 앉은 사람],511~516,6,0:34:44,0:35:06,22.2,"""궁에 올리는 비단에만 넣던 숨은 무늬다. 조선 팔도에 이걸 짤 줄 아는 사람은 딱 한 사람뿐이었다. 칠 년 전에 억울하게 죽은 장인이지."" 시어머니가 꽃님이를 돌아보셨습니다. ""얘야, 네가 이 무늬를 어찌 아느냐?"" 꽃님이는 두 손으로 입을 틀어막았습니다."
134,0134.png,[9장. 광에 앉은 사람],517~522,6,0:35:06,0:35:26,19.6,"아이의 눈에서 눈물이 쏟아졌지요. ""마님… 조금만 더 기다려 주셔요. 이 비단이 다 짜이는 날, 다 말씀드릴게요."" 시어머니는 더 묻지 않으셨습니다. 대신 아이를 끌어당겨 품에 안으셨지요. 삼십 년 만에 베틀 앞에 앉은 사람과,"
135,0135.png,[9장. 광에 앉은 사람],523~526,4,0:35:26,0:35:45,19.4,"사라졌던 꽃을 다시 피운 아이가 새벽빛 속에서 서로를 붙잡고 있었습니다. 해가 완전히 떠오른 뒤, 시어머니가 은실이를 돌아보셨습니다. ""오늘 일은 아무에게도 말하지 말거라. 연지에게도, 네 서방에게도."" ""어머님…"""
136,0136.png,[9장. 광에 앉은 사람],527~530,4,0:35:45,0:36:05,20.0,"""비단이 다 짜이기 전까지는, 이 광에 귀신이 산다고 믿게 두어라."" 시어머니는 머리를 묶었던 무명 끈을 풀고 안채로 건너가셨습니다. 그 뒷모습은 여전히 꼿꼿했지만, 두 손은 소매 속이 아니라 치맛자락 옆에 가만히 내려져 있었지요."
137,0137.png,[10장. 오 참봉 댁 혼례날],531~534,4,0:36:05,0:36:19,13.9,"그날부터 한씨 댁 광은 세 사람의 자리가 되었습니다. 시어머니가 날실을 걸고, 은실이가 북을 넣고, 꽃님이가 올 수를 세었지요. 연지 아기씨는 실타래를 감았고,"
138,0138.png,[10장. 오 참봉 댁 혼례날],535~538,4,0:36:19,0:36:40,21.2,"서방님은 책을 덮고 나와 광문 앞에서 밤을 지켰습니다. 혼례를 여드레 앞둔 날, 박 대감 댁 청지기가 예고도 없이 찾아왔습니다. ""대감께서 예단 비단이 어찌 되어 가는지 여쭤 오라 하셨소."" 은실이가 광에서 짜던 비단을 조심스레 받쳐 들고 나왔지요."
139,0139.png,[10장. 오 참봉 댁 혼례날],539~540,2,0:36:40,0:36:51,10.2,"청지기는 비단을 한참 내려다보더니 눈살을 찌푸렸습니다. 아직 새벽빛이 아니면 매화가 떠오르지 않는 비단이었으니,"
140,0140.png,[10장. 오 참봉 댁 혼례날],541,1,0:36:51,0:36:54,3.7,청지기의 눈에는 그저 흰 천일 뿐이었지요.
141,0141.png,[10장. 오 참봉 댁 혼례날],542~549,8,0:36:54,0:37:17,23.3,"""금박 하나 없는 흰 천이라…"" 청지기가 헛기침을 했습니다. ""미리 일러 두겠소. 우리 대감께서는 비단 한 필로 그 집안을 보시는 분이오. 칠 년 전 일 이후로 더 그러시지. 혼례 전날 이것을 그대로 내놓으신다면, 혼사가 어찌 될지는 나도 장담 못 하오."" 청지기가 돌아간 뒤,"
142,0142.png,[10장. 오 참봉 댁 혼례날],550~552,3,0:37:17,0:37:33,15.9,"연지 아기씨는 건넌방 문을 걸어 잠그고 종일 나오지 않았습니다. 은실이는 광으로 돌아가 말없이 다시 북을 잡았지요. 시어머니는 그날 밤, 평소보다 한 시진 먼저 베틀 앞에 앉으셨습니다."
143,0143.png,[10장. 오 참봉 댁 혼례날],553~554,2,0:37:33,0:37:42,9.0,"비단이 반 필을 넘어설 무렵, 오 참봉 댁 딸의 혼례날이 밝았습니다. 고을에서 가장 떠들썩한 잔치였지요."
144,0144.png,[10장. 오 참봉 댁 혼례날],555,1,0:37:42,0:37:48,5.7,오 참봉 댁 부인은 한 달 내내 온 고을에 활옷 자랑을 하고 다녔습니다.
145,0145.png,[10장. 오 참봉 댁 혼례날],556~560,5,0:37:48,0:38:10,21.6,"은실이도 시어머니를 모시고 혼례 마당 한쪽에 섰지요. ""아이고, 오셨구려. 우리 딸 활옷 좀 보시오. 한양 비단은 역시 다르지요?"" 신부가 붉은 활옷을 입고 초례청으로 걸어 나왔습니다. 금박 무늬가 번쩍였고, 구경꾼들 사이에서 탄성이 쏟아졌지요."
146,0146.png,[10장. 오 참봉 댁 혼례날],561~564,4,0:38:10,0:38:30,20.4,그런데 은실이는 신부의 목덜미를 보고 가슴이 철렁 내려앉았습니다. 활옷 깃이 닿는 자리가 벌겋게 부어올라 있었습니다. 신부는 연신 목을 움츠리며 깃을 만지작거렸지요. 은실이가 참다못해 오 참봉 댁 부인에게 다가가 조용히 말했습니다.
147,0147.png,[10장. 오 참봉 댁 혼례날],565~569,5,0:38:30,0:38:52,21.4,"""부인, 아기씨 목이 벌겋게 부었습니다. 활옷을 잠시 벗기시지요."" ""남의 혼례 날에 무슨 재수 없는 소리요? 제 집 비단 못 산 게 배가 아파서 그러시오?"" 부인은 은실이를 밀어내듯 돌아섰습니다. 주변 부인들이 은실이를 흘겨보며 수군거렸습니다."
148,0148.png,[10장. 오 참봉 댁 혼례날],570~574,5,0:38:52,0:39:12,20.0,"은실이는 더 말하지 못하고 제자리로 물러났지요. 시어머니가 소매 속에서 손을 꺼내, 은실이의 손을 말없이 한 번 쥐었다 놓으셨습니다. 아침부터 흐리던 하늘에서 가랑비가 흩뿌리기 시작했습니다. 차일 아래로 빗방울이 들이쳤지요."
149,0149.png,[10장. 오 참봉 댁 혼례날],575~580,6,0:39:12,0:39:35,23.5,신부가 신랑에게 절을 올리려고 무릎을 굽히던 순간이었습니다. 뿌드득. 활옷 어깨 솔기가 쭉 갈라졌습니다. 신부가 놀라 몸을 일으키자 이번에는 소매 끝이 우수수 풀려 내렸지요. 비에 젖은 자리마다 뿌연 물이 배어 나와 뚝뚝 떨어졌습니다. 마당이 순식간에 얼어붙었습니다.
150,0150.png,[10장. 오 참봉 댁 혼례날],581~585,5,0:39:35,0:39:58,23.1,"신부는 찢어진 활옷을 부여잡고 울음을 터뜨렸지요. ""혼례 옷이 찢어지다니, 이런 흉한 일이 어디 있소?"" 신랑의 어머니가 자리를 박차고 일어났고, 오 참봉 댁 부인은 새하얗게 질려 그 자리에 주저앉았습니다. 은실이의 귓가에 한 달 전 장터에서 들었던 말이 울렸습니다."
151,0151.png,[10장. 오 참봉 댁 혼례날],586,1,0:39:58,0:40:02,3.9,"""저 비단 산 집들, 한 달 안에 다 울게 돼요."""
152,0152.png,[10장. 오 참봉 댁 혼례날],587~592,6,0:40:02,0:40:25,23.5,"돌아오는 길, 가랑비 속을 시어머니와 은실이는 한동안 말없이 걸었습니다. 대문 앞에 이르러서야 시어머니가 걸음을 멈추셨지요. ""그 아이 말이 맞았구나."" ""……예, 어머님."" ""한 달 전에 그 아이가 무어라 했다고?"" ""그 비단 산 집들, 한 달 안에 다 울게 된다고요."""
153,0153.png,[10장. 오 참봉 댁 혼례날],593~596,4,0:40:25,0:40:43,17.8,"시어머니는 광 쪽을 한참 바라보셨습니다. 광에서는 꽃님이가 등잔 기름을 채우며 올 수를 세는 소리가 작게 새어 나오고 있었지요. ""그 아이는 대체 무엇을 알고 있는 게냐."" 은실이도 대답할 수가 없었습니다."
154,0154.png,[10장. 오 참봉 댁 혼례날],597~600,4,0:40:43,0:41:06,23.3,"그날 밤, 시어머니는 처음으로 꽃님이의 밥그릇에 고기 한 점을 얹어 주셨습니다. 그날 저녁, 고을 곳곳에서 비명이 터져 나왔습니다. 황 행수에게 비단을 산 집마다 광을 열어 본 것이지요. 장롱 속에 고이 모셔 둔 비단들이 손으로 들어 올리기만 해도 올이 부스스 흩어졌습니다."
155,0155.png,[10장. 오 참봉 댁 혼례날],601~605,5,0:41:06,0:41:29,22.9,"비단 필 사이사이에는 하얀 가루가 곰팡이처럼 피어 있었지요. 그 밤, 포목전 골목 황 행수의 가게에서는 등불이 늦도록 꺼지지 않았습니다. 황 행수는 남은 비단을 서둘러 궤짝에 쓸어 담다가, 문득 손을 멈추었지요. 아직 받지 못한 외상값이 고을 곳곳에 깔려 있었습니다."
156,0156.png,[10장. 오 참봉 댁 혼례날],606~609,4,0:41:29,0:41:45,16.1,"게다가 그 거지 계집이 살아 있는 한, 어디로 도망쳐도 발을 뻗고 잘 수 없을 것 같았지요. 황 행수는 궤짝을 도로 내려놓고 부채를 천천히 펼쳤습니다. ""도망칠 게 아니라, 덮어씌우면 되지."""
157,0157.png,[11장. 저주받은 집],610~614,5,0:41:45,0:42:08,22.2,"이튿날, 성난 부인들과 하인들이 삭은 비단을 들고 황 행수의 가게로 몰려갔습니다. 그러나 황 행수는 조금도 당황하지 않았지요. 부채를 탁 펼치며 오히려 목소리를 높였습니다. ""습기 찬 광에 처박아 두니 삭는 것 아니오? 보관을 잘못한 걸 어찌 내 탓을 하시오?"""
158,0158.png,[11장. 저주받은 집],615~622,8,0:42:08,0:42:30,22.4,"사람들이 웅성거렸습니다. 그때 황 행수가 목소리를 한층 낮추었지요. ""그런데 이상하지 않소? 이 고을에서 내 비단을 안 산 집이 딱 하나 있소."" ""……."" ""한씨 댁 말이오. 그 댁 며느리가 처음부터 내 비단에 흉한 소리를 하더니, 어찌 딱 그 말대로 되었겠소?"""
159,0159.png,[11장. 저주받은 집],623~627,5,0:42:30,0:42:49,19.0,"황 행수의 눈이 가늘어졌습니다. ""게다가 그 댁에 들어간 거지 계집, 부모가 나라에 죄를 짓고 죽은 집 자식이라 하더이다. 한밤중에 광에서 귀신처럼 베를 짠다지요? 그런 것이 저주를 퍼부었으니 비단이 성할 리가 있겠소?"""
160,0160.png,[11장. 저주받은 집],628~632,5,0:42:49,0:43:12,22.4,"오 참봉 댁 부인이 찢어진 활옷을 움켜쥐고 벌떡 일어났습니다. ""맞소! 그 며느리가 처음부터 우리 비단을 노려봤소! 우리 딸 혼례를 망친 건 그 댁이오!"" 성난 사람들이 한씨 댁 쪽으로 몰려가기 시작했습니다. 그날은 연지 아기씨의 혼례를 사흘 앞둔 날이었습니다."
161,0161.png,[11장. 저주받은 집],633~636,4,0:43:12,0:43:27,15.3,"그리고 바로 그 새벽, 한씨 댁 광에서는 마지막 한 자가 막 짜여 나온 참이었지요. 그 마지막 밤, 광에는 온 식구가 모여 있었습니다. 연지 아기씨는 실타래를 감다가 꾸벅꾸벅 졸았고,"
162,0162.png,[11장. 저주받은 집],637~640,4,0:43:27,0:43:41,14.5,"서방님은 광문 앞에서 장작을 쥔 채 밤을 새웠지요. 시어머니가 마지막 씨실을 넣고, 은실이가 바디를 당기고, 꽃님이가 마지막 올 수를 세었습니다. ""……다 되었다."""
163,0163.png,[11장. 저주받은 집],641~645,5,0:43:41,0:44:01,20.0,"시어머니가 가위로 실을 끊으시는 순간, 새벽닭이 울었지요. 꽃님이가 다 짜인 비단을 두 손으로 쓰다듬었습니다. ""마님, 다 짜이면 말씀드린다고 했지요."" 아이의 목소리가 떨렸습니다. ""내일, 대감마님 앞에서 말씀드릴게요."
164,0164.png,[11장. 저주받은 집],646~648,3,0:44:01,0:44:16,15.1,"그래야 아무도 거지 계집 말이라고 무시하지 못할 테니까요."" 시어머니와 은실이는 서로 얼굴을 마주 보았습니다. 그 아이가 무엇을 품고 있는지, 두 사람은 아직 알지 못했지요."
165,0165.png,[12장. 삼십 년 만에 열린 대문],649~654,6,0:44:16,0:44:38,21.8,"한씨 댁 대문이 쾅쾅 울렸습니다. ""문 열어라! 거지 계집을 내놓아라!"" ""저주받은 집안이다! 비단 값을 물어내라!"" 담장 너머로 돌멩이가 날아들었고, 장독 하나가 깨지며 간장이 마당에 쏟아졌지요. 꽃님이가 광 구석에서 사시나무처럼 떨었습니다."
166,0166.png,[12장. 삼십 년 만에 열린 대문],655~661,7,0:44:38,0:45:03,24.5,"""아씨, 제가 나갈게요. 저만 나가면 되잖아요."" 은실이가 아이의 어깨를 붙잡았습니다. ""안 된다. 너는 아무 잘못도 없다."" 그때 안방 문이 열렸습니다. 시어머니가 걸어 나오셨지요. 흰 속적삼이 아니었습니다. 삼십 년 동안 장롱 깊숙이 넣어 두셨던 쪽빛 명주 치마저고리였지요."
167,0167.png,[12장. 삼십 년 만에 열린 대문],662,1,0:45:03,0:45:06,3.7,친정아버지가 짜 주신 혼례 옷이었습니다.
168,0168.png,[12장. 삼십 년 만에 열린 대문],663~667,5,0:45:06,0:45:25,18.8,"비녀가 없는 머리에는, 은실이가 새벽에 꺾어 드린 매화 가지 하나가 꽂혀 있었습니다. 그리고 두 손은 소매 밖으로 나와 있었지요. 삼십 년 만에 처음으로 말입니다. 시어머니는 곧장 대문으로 걸어가 빗장을 뽑으셨습니다."
169,0169.png,[12장. 삼십 년 만에 열린 대문],668~670,3,0:45:25,0:45:44,18.4,"대문이 활짝 열리자, 몰려 있던 사람들이 한 걸음 물러섰지요. 시어머니의 왼편에는 어느새 서방님이 서 있었습니다. 오른편에는 연지 아기씨가 눈물 자국이 채 마르지 않은 얼굴로 어머니의 소매를 붙잡고 서 있었지요."
170,0170.png,[12장. 삼십 년 만에 열린 대문],671~675,5,0:45:44,0:46:06,22.4,"그 뒤에 은실이가, 은실이의 치마 뒤에 꽃님이가 있었습니다. 한씨 댁 식구가 대문 앞에 한 줄로 선 것은 처음 있는 일이었습니다. 한씨 댁 안방마님이 손수 대문을 연 것은 아무도 본 적이 없는 일이었으니까요. ""무엇을 내놓으라 하였소?"" 목소리는 크지 않았습니다."
171,0171.png,[12장. 삼십 년 만에 열린 대문],676~682,7,0:46:06,0:46:29,22.9,"그런데도 대문 앞이 순식간에 조용해졌지요. ""그, 그 거지 계집이 저주를 걸어서…"" ""저주라."" 시어머니가 사람들을 천천히 둘러보셨습니다. ""저주가 어찌 신부의 목을 벌겋게 붓게 하오? 저주는 살갗을 붓게 하지 않소."" 사람들이 서로 얼굴을 쳐다보았습니다."
172,0172.png,[12장. 삼십 년 만에 열린 대문],683~688,6,0:46:29,0:46:52,22.7,"시어머니가 두 손을 들어 사람들 앞에 내보이셨지요. 굳은살이 박이고 흉터가 줄줄이 난 손이었습니다. ""보시오. 이것이 양반 댁 마님의 손으로 보이오?"" ""……."" ""내 친정은 대대로 비단을 짜던 중인 집안이오. 나는 삼십 년 동안 이 손을 소매 속에 숨기고 살았소."
173,0173.png,[12장. 삼십 년 만에 열린 대문],689~694,6,0:46:52,0:47:13,21.4,"상것 집안 딸이라는 소리를 들을까 봐."" 마당 안에서 은실이가 숨을 삼켰습니다. 삼십 년 동안 숨겨 온 것을, 시어머니가 온 고을 사람들 앞에서 스스로 꺼내신 것이었지요. ""그러니 이 손으로 말하겠소. 제대로 짠 명주는 백 년을 두어도 올이 터지지 않소."
174,0174.png,[12장. 삼십 년 만에 열린 대문],695~700,6,0:47:13,0:47:36,23.3,"한 달 만에 삭는 비단은 처음부터 비단이 아니었던 게요."" 사람들 사이에서 웅성거림이 일었습니다. 그러나 오 참봉 댁 부인은 물러서지 않았지요. ""말로는 무슨 소리를 못 하겠소! 그럼 그 댁은 무얼로 예단을 한다는 게요? 거지 계집이랑 짠 누더기로 박 대감 앞에 설 참이오?"""
175,0175.png,[12장. 삼십 년 만에 열린 대문],701~704,4,0:47:36,0:47:50,13.9,"바로 그때였습니다. 사람들 뒤편에서 말발굽 소리가 들려왔습니다. 길이 갈라지며 가마 한 채가 대문 앞에 멈추어 섰지요. ""박 대감 댁에서 예단을 보러 오셨소!"""
176,0176.png,[12장. 삼십 년 만에 열린 대문],705,1,0:47:50,0:47:54,3.9,원래는 청지기만 보내기로 한 자리였습니다.
177,0177.png,[12장. 삼십 년 만에 열린 대문],706~710,5,0:47:54,0:48:16,21.6,"그런데 가마에서 내린 사람은 하얀 수염이 가슴께까지 내려온 노인, 박 대감 본인이었지요. ""오는 길에 이 고을 비단 소문을 들었소. 궁금하여 직접 와 보았지."" 박 대감의 눈길이 깨진 장독과, 오 참봉 댁 부인이 움켜쥔 찢어진 활옷 위를 차례로 훑었습니다."
178,0178.png,[12장. 삼십 년 만에 열린 대문],711~712,2,0:48:16,0:48:27,11.0,"그 뒤편 구경꾼들 사이로, 번쩍이는 비단 도포 자락이 슬쩍 보였지요. 한씨 댁이 무너지는 꼴을 구경하러 따라온 황 행수였습니다."
179,0179.png,[13장. 빛 속의 매화],713~715,3,0:48:27,0:48:40,13.3,"대청마루에 박 대감이 앉았고, 마당에는 고을 사람들이 빼곡히 들어찼습니다. 은실이가 광에서 비단 한 필을 받쳐 들고 나와 대감 앞에 무릎을 꿇고 올렸지요."
180,0180.png,[13장. 빛 속의 매화],716~721,6,0:48:40,0:49:03,23.5,"마당 여기저기서 비웃음이 새어 나왔습니다. ""아무 무늬도 없네."" ""황 행수 비단은 금박이라도 박혔지, 저건 그냥 흰 천 아니오?"" 박 대감은 말없이 비단을 손에 들었습니다. 엄지와 검지로 올을 비벼 보고, 코끝에 대어 냄새를 맡았지요. 대감의 눈썹이 살짝 움직였습니다."
181,0181.png,[13장. 빛 속의 매화],722~726,5,0:49:03,0:49:25,21.6,"""마당 볕 아래로 들고 나가 보겠소."" 오후의 햇살이 마당에 비스듬히 쏟아지고 있었습니다. 대감이 비단을 펼쳐 햇살 쪽으로 천천히 기울였지요. 그 순간, 마당에 있던 모든 사람이 숨을 멈추었습니다. 아무것도 없던 흰 비단 위로 매화가 피어올랐습니다."
182,0182.png,[13장. 빛 속의 매화],727~733,7,0:49:25,0:49:51,25.5,"한 송이, 두 송이, 열 송이. 대감이 비단을 흔들 때마다 꽃잎이 흩날리듯 자리를 옮겼지요. 마치 흰 눈밭 위에 매화나무 한 그루가 서 있는 것 같았습니다. 오 참봉 댁 부인이 입을 벌린 채 뒷걸음질을 쳤습니다. 박 대감의 손이 가늘게 떨리고 있었지요. ""매화 암문이다."" 대감의 목소리가 갈라졌습니다."
183,0183.png,[13장. 빛 속의 매화],734~735,2,0:49:51,0:49:57,6.1,"""칠 년 전, 이 무늬를 짤 줄 아는 사람은 조선 팔도에 딱 한 사람뿐이었소."
184,0184.png,[13장. 빛 속의 매화],736~741,6,0:49:57,0:50:18,21.6,"서막동이라는 장인이었지. 내가 지켜 주지 못한 사람이오."" 대감이 은실이를 돌아보았습니다. ""이 비단은 누가 짰소?"" 시어머니가 한 걸음 앞으로 나서셨습니다. ""날실은 제가 걸었습니다. 북은 며느리가 넣었고요."" 그리고 뒤를 돌아보셨지요."
185,0185.png,[13장. 빛 속의 매화],742~747,6,0:50:18,0:50:38,20.0,"""매화는 저 아이가 피웠습니다."" 박 대감이 시어머니의 드러난 두 손을 한참 바라보았습니다. ""부인의 손을 보니 짐작이 가오. 혹시 한양 동대문 밖 조가 비단집을 아시오?"" 시어머니의 눈이 흔들렸습니다. ""……제 친정입니다."""
186,0186.png,[13장. 빛 속의 매화],748,1,0:50:38,0:50:44,5.7,"""허허, 내가 상의원에 처음 들어갔을 때 그 집 비단을 보고 배웠소."
187,0187.png,[13장. 빛 속의 매화],749~753,5,0:50:44,0:51:05,20.8,"그 집 딸이 이 고을로 시집갔다더니, 삼십 년 동안 소식이 끊겨 다들 베틀을 놓은 줄 알았지."" 대감이 비단을 다시 쓸어 보았습니다. ""놓지 않으셨구려. 손은 거짓말을 못 하는 법이지."" 시어머니는 아무 대답도 하지 못하고 고개를 숙이셨습니다."
188,0188.png,[13장. 빛 속의 매화],754~758,5,0:51:05,0:51:26,21.2,"삼십 년 동안 숨겨 온 이름을, 처음으로 누군가 알아봐 준 순간이었지요. 대청 기둥 뒤에서 꽃님이가 쭈뼛쭈뼛 걸어 나왔습니다. 이마에는 아직 헝겊이 감겨 있었지요. 아이는 박 대감 앞에 무릎을 꿇더니, 한 달 동안 삼켜 왔던 말을 처음으로 꺼냈습니다."
189,0189.png,[13장. 빛 속의 매화],759~764,6,0:51:26,0:51:50,23.7,"""대감마님. 저는 서막동의 딸, 꽃님이라 하옵니다."" 마당이 술렁였습니다. 박 대감이 비단을 내려놓고 아이 앞에 몸을 숙였지요. ""서 장인에게 딸이 있다는 말은 들었다. 그 일 뒤로 행방을 모른다 하더니… 네가 살아 있었구나."" 꽃님이의 눈에서 눈물이 뚝뚝 떨어졌습니다."
190,0190.png,[13장. 빛 속의 매화],765,1,0:51:50,0:51:54,4.5,"""아버지는 돌아가시기 전에 저한테 말씀하셨어요."
191,0191.png,[13장. 빛 속의 매화],766~767,2,0:51:54,0:52:00,5.5,"궁에서 삭은 비단은 당신이 짠 비단이 아니라고요."" ""……."""
192,0192.png,[13장. 빛 속의 매화],768~771,4,0:52:00,0:52:15,14.9,"""비단을 궁에 날라 주던 포목상이, 아버지가 짠 좋은 비단은 빼돌려 비싸게 팔고, 대신 가짜 비단을 넣었대요. 싸구려 실로 얇게 짜서 쌀풀이랑 납가루를 발라 말린 비단이요."""
193,0193.png,[13장. 빛 속의 매화],772,1,0:52:15,0:52:19,4.5,사람들 사이에서 누군가 헉 하고 숨을 들이켰습니다.
194,0194.png,[13장. 빛 속의 매화],773~776,4,0:52:19,0:52:36,17.3,"""그렇게 하면 무겁고 번쩍번쩍해서 진짜보다 더 좋아 보여요. 그런데 한 달쯤 지나면 풀이 삭아서 올이 터지고, 비를 맞으면 더 빨라요. 납가루 묻은 비단을 살에 대고 입으면 살갗이 벌겋게 부어오르고요."""
195,0195.png,[13장. 빛 속의 매화],777~781,5,0:52:36,0:52:58,21.2,"오 참봉 댁 부인이 손에 쥔 활옷을 내려다보았습니다. 찢어진 솔기 사이로 하얀 가루가 묻어 나와 있었지요. ""아버지는 그 냄새를 저한테 맡게 해 주시면서 절대 잊지 말라고 하셨어요."" ""그 포목상이 누구냐?"" 꽃님이가 천천히 손을 들어 올렸습니다."
196,0196.png,[13장. 빛 속의 매화],782~787,6,0:52:58,0:53:21,23.3,"""지금 이 마당에 있어요."" 모든 사람의 눈이 아이의 손끝을 따라갔습니다. 그 끝에 황 행수가 서 있었지요. 황 행수의 얼굴이 흙빛으로 변했습니다. ""무, 무슨 소리를! 거지 계집이 대감마님 앞에서 헛소리를…"" 황 행수가 뒷걸음질을 치며 저도 모르게 부채를 펼쳤습니다."
197,0197.png,[13장. 빛 속의 매화],788~790,3,0:53:21,0:53:28,7.3,"탁. 그 소리에 꽃님이의 어깨가 움찔했지요. ""저 소리예요. 아버지를 끌고 가던 날,"
198,0198.png,[13장. 빛 속의 매화],791~792,2,0:53:28,0:53:36,7.8,"우리 집 마당에서 저 소리가 났어요. 그래서 장터에서 그 소리를 듣고 얼굴을 숨긴 거예요."""
199,0199.png,[13장. 빛 속의 매화],793~798,6,0:53:36,0:54:00,23.5,"박 대감이 천천히 몸을 일으켰습니다. ""물 두 동이를 떠 오너라."" 대감은 오 참봉 댁 부인의 찢어진 활옷 자락을 한 동이에 담갔습니다. 맑던 물이 금세 뿌옇게 흐려지더니, 동이 바닥에 잿빛 가루가 가라앉았지요. 이번에는 한씨 댁 비단 끄트머리를 잘라 다른 동이에 담갔습니다."
200,0200.png,[13장. 빛 속의 매화],799~802,4,0:54:00,0:54:20,20.2,"물은 조금도 흐려지지 않았습니다. 비단은 물속에서 오히려 더 맑게 빛났지요. ""납가루다. 칠 년 전 상의원 창고에서 삭아 버린 진상 비단과 똑같은 수법이로구나."" 오 참봉 댁 부인의 손에서 찢어진 활옷이 스르르 미끄러져 떨어졌습니다."
201,0201.png,[13장. 빛 속의 매화],803~808,6,0:54:20,0:54:43,23.5,"부인은 뿌옇게 흐려진 물동이를 내려다보더니, 제 딸의 벌겋게 부어오른 목덜미를 떠올린 듯 입을 틀어막았지요. ""그럼… 우리 딸 목이 그렇게 된 것도…"" 부인의 눈에서 눈물이 쏟아졌습니다. 그리고 한 달 전 장터에서 제가 비웃었던 며느리를, 처음으로 똑바로 바라보았지요."
202,0202.png,[13장. 빛 속의 매화],809~813,5,0:54:43,0:55:02,18.6,"황 행수가 몸을 돌려 대문 쪽으로 내달렸습니다. 그러나 대문 앞은 이미 고을 사람들이 빽빽하게 막아서 있었지요. 조금 전까지 한씨 댁에 돌을 던지던 바로 그 사람들이었습니다. ""어딜 도망가!"" ""내 비단 값 내놔라!"""
203,0203.png,[13장. 빛 속의 매화],814~818,5,0:55:02,0:55:25,23.3,"황 행수는 사람들에게 붙들려 박 대감의 하인들에게 꽁꽁 묶였습니다. 그날 밤, 황 행수의 짐 보따리 속에서 두꺼운 장부 한 권이 나왔습니다. 칠 년 전 궁에 넣은 가짜 비단의 수량과, 빼돌려 되판 진짜 비단의 값이 나란히 적혀 있었지요. 장부 맨 끝 장에는 이렇게 적혀 있었습니다."
204,0204.png,[13장. 빛 속의 매화],819~822,4,0:55:25,0:55:45,20.0,"""서가 비단, 매화 무늬. 한양 대갓집에 세 곱절 값."" 그 한 줄이 서막동의 억울함을 칠 년 만에 벗겨 주었습니다. 그날 밤, 모두가 잠든 광에서 은실이는 꽃님이의 이마에 새 헝겊을 감아 주었습니다. ""꽃님아, 왜 진작 말하지 않았느냐?"
205,0205.png,[13장. 빛 속의 매화],823~828,6,0:55:45,0:56:05,19.8,"처음부터 말했더라면 그 고생을 안 했을 것을."" 꽃님이가 은실이의 소매를 만지작거렸습니다. ""처음 장터에서 말했으면, 아무도 안 믿었을 거예요. 황 행수가 저를 먼저 없앴을지도 모르고요."" ""……."" ""그래서 기다렸어요."
206,0206.png,[13장. 빛 속의 매화],829~835,7,0:56:05,0:56:31,26.5,"그 비단이 삭는 걸 온 고을이 두 눈으로 볼 때까지요. 그리고 아버지 꽃이 다시 필 때까지요."" 아이가 고개를 들었습니다. ""그런데 아씨는 제가 아무 말도 안 했는데 믿어 주셨잖아요. 그게 제일 고마웠어요."" 은실이는 아무 말 없이 아이를 끌어안았습니다. 주먹밥 한 덩이로 시작된 인연이 여기까지 온 것이었지요."
207,0207.png,[14장. 은비녀],836~840,5,0:56:31,0:56:54,22.4,"사흘 뒤, 연지 아기씨의 혼례 날이 밝았습니다. 새벽, 아기씨는 가마에 오르기 전에 광으로 먼저 찾아왔지요. 활옷 차림 그대로 베틀 앞에 서서 한참 동안 말이 없었습니다. 그러더니 은실이 앞에 무릎을 꿇었지요. ""언니, 저는 그날 건넌방에서 언니를 원망했어요."
208,0208.png,[14장. 은비녀],841~845,5,0:56:54,0:57:17,23.1,"거지 아이 말 한마디에 제 혼사를 망쳤다고요."" ""아기씨, 일어나셔요. 활옷에 흙 묻습니다."" ""오 참봉 댁 언니가 초례청에서 우는 걸 보고 알았어요. 그 비단을 샀더라면 오늘 제가 그 자리에서 울고 있었을 거예요."" 은실이가 소매로 아기씨의 눈물을 닦아 주었습니다."
209,0209.png,[14장. 은비녀],846~850,5,0:57:17,0:57:38,21.2,"""울지 마셔요. 오늘 우시면 분이 다 지워집니다."" 아기씨는 울다가 웃었습니다. 그러고는 허리춤에서 작은 매화 모양 은노리개를 풀어 꽃님이의 손에 쥐여 주었지요. ""꽃님아, 네가 피워 준 매화를 입고 시집간다. 너도 이 매화를 차고 있어 주렴."""
210,0210.png,[14장. 은비녀],851~855,5,0:57:38,0:57:59,21.0,"평생 누구에게 선물이라는 것을 받아 본 적 없는 아이는, 노리개를 두 손으로 받쳐 든 채 어쩔 줄 몰라 했습니다. 그때 광문 앞에 시어머니가 서 계셨습니다. 시어머니는 딸에게 다가가 활옷 깃을 손수 여며 주셨지요. 소매 밖으로 나온 두 손으로 말입니다."
211,0211.png,[14장. 은비녀],856~860,5,0:57:59,0:58:19,20.0,"""연지야, 시댁에 가거든 체면으로 살지 말거라."" 아기씨가 놀라 어머니를 올려다보았습니다. ""이 어미는 삼십 년을 체면으로 살았다. 손을 숨기느라 정작 잡아야 할 손은 한 번도 잡지 못했다."" 시어머니가 딸의 손을 꼭 쥐셨습니다."
212,0212.png,[14장. 은비녀],861~865,5,0:58:19,0:58:42,22.9,"""손으로 살거라. 네 손으로 할 수 있는 일을 부끄러워하지 말고."" 그날 혼례 마당에는 온 고을 사람들이 모여들었습니다. 한 달 전 한씨 댁을 비웃던 바로 그 사람들이었지요. 이번에는 아무도 수군거리지 않았습니다. 예단으로 올린 매화 비단은 박 대감 댁 안방에 걸렸고,"
213,0213.png,[14장. 은비녀],866~869,4,0:58:42,0:59:04,22.4,"신부의 활옷 소매 끝에는 그 비단으로 덧댄 단이 햇빛을 받아 반짝였습니다. 아기씨가 절을 올리려고 몸을 굽혔을 때도, 솔기 하나 터지지 않았지요. 잔치 자리에서 박 대감은 꽃님이를 곁으로 불렀습니다. ""얘야, 네 아비가 짠 비단 중에 딱 한 필이 아직 궁에 남아 있다."
214,0214.png,[14장. 은비녀],870~872,3,0:59:04,0:59:15,10.8,"황가가 미처 빼돌리지 못한 것이지."" 꽃님이의 눈이 커다래졌습니다. ""그 비단은 칠 년이 지났는데도 올 하나 터지지 않았다."
215,0215.png,[14장. 은비녀],873,1,0:59:15,0:59:21,5.3,"내가 그걸 증좌로 삼아 네 아비의 이름을 반드시 되찾아 주마."""
216,0216.png,[14장. 은비녀],874~879,6,0:59:21,0:59:41,20.6,"꽃님이는 대감 앞에 엎드려 오래도록 일어나지 못했지요. 혼례가 끝나고 손님들이 음식을 나누던 무렵이었습니다. 은실이가 시어머니를 부엌 뒤로 조용히 모셨습니다. ""어머님, 잠시 눈을 감아 보셔요."" ""무슨 짓이냐?"" ""잠시만요."""
217,0217.png,[14장. 은비녀],880~886,7,0:59:41,1:00:10,28.4,"시어머니가 못마땅한 얼굴로 눈을 감으셨습니다. 은실이가 품에서 무언가를 꺼내 시어머니의 쪽 찐 머리에 조심스럽게 꽂아 드렸지요. 시어머니가 손을 올려 머리를 더듬으셨습니다. 손끝에 닿은 것은 삼십 년 동안 날마다 만지던 감촉이었지요. 그 은비녀였습니다. ""이것이 어찌…"" ""황 행수 비단을 사지 않았으니 돈이 남았습니다."
218,0218.png,[14장. 은비녀],887~888,2,1:00:10,1:00:18,8.8,"실값은 엽전 한 줄로 치르고, 두 줄은 장롱에 그대로 두었지요. 그 돈으로 전당포에서 찾아왔습니다."""
219,0219.png,[14장. 은비녀],889~892,4,1:00:18,1:00:40,22.0,"한 달 전, 은실이가 엽전 두 줄에 끝내 손을 대지 않은 까닭이 바로 이것이었습니다. ""어머님이 삼십 년을 지키신 것을, 소녀가 어찌 남의 손에 두겠습니까?"" 시어머니가 고개를 돌리셨습니다. 부엌 뒤 담장만 바라보고 서서, 한참 만에 짧게 한마디를 하셨지요."
220,0220.png,[14장. 은비녀],893~896,4,1:00:40,1:00:53,12.2,"""쓸데없는 짓을."" 그러나 은실이는 보았습니다. 돌아선 시어머니의 어깨가 떨리고 있었다는 것을요. 그리고 그날 밤 은실이는 들었습니다."
221,0221.png,[14장. 은비녀],897,1,1:00:53,1:00:59,6.5,안방에서 시어머니가 비녀를 빼어 손에 쥐고 오래도록 흐느끼시는 소리를요.
222,0222.png,"[15장. 한 달 뒤, 집안이 살아나다]",898~899,2,1:00:59,1:01:08,9.0,"혼례가 끝나고 열흘 뒤, 박 대감이 다시 한씨 댁을 찾아왔습니다. ""황가 놈은 한양 의금부로 압송되었소."
223,0223.png,"[15장. 한 달 뒤, 집안이 살아나다]",900,1,1:01:08,1:01:12,3.9,"빼돌린 비단 값은 모두 물어내게 될 것이오."""
224,0224.png,"[15장. 한 달 뒤, 집안이 살아나다]",901~906,6,1:01:12,1:01:35,23.5,"대감이 두루마리 하나를 펼쳤지요. ""그리고 서막동 장인의 죄는 모두 벗겨졌소. 나라에서 그 이름을 다시 세워 줄 것이오."" 꽃님이가 그 자리에 털썩 주저앉았습니다. 두 손으로 얼굴을 감싸고 소리 내어 울었지요. 칠 년 동안 누구에게도 말하지 못하고 삼켜 온 울음이었습니다."
225,0225.png,"[15장. 한 달 뒤, 집안이 살아나다]",907~914,8,1:01:35,1:02:04,28.8,"은실이가 아이를 안았고, 시어머니는 그 작은 등을 가만히 쓸어 주셨지요. 박 대감이 헛기침을 한 번 하고 말을 이었습니다. ""한 가지 청이 있소. 상의원에서 해마다 궁에 올릴 비단을 짤 곳을 찾고 있소. 황가 같은 놈들 손을 거치지 않고, 믿을 수 있는 집에서 직접 받고 싶소."" 대감이 광 쪽을 바라보았습니다. ""이 댁 베틀에서 짜 주시겠소?"""
226,0226.png,"[15장. 한 달 뒤, 집안이 살아나다]",915~916,2,1:02:04,1:02:14,10.0,양반 댁에서 베를 짜 나라에 올린다는 것이었습니다. 삼십 년 전이었다면 이 집에서는 입에 올리지도 못할 일이었지요.
227,0227.png,"[15장. 한 달 뒤, 집안이 살아나다]",917~920,4,1:02:14,1:02:29,14.9,"시어머니는 은비녀를 한 번 매만지더니, 소매 밖으로 두 손을 모으고 고개를 깊이 숙이셨습니다. ""그리하겠습니다, 대감."" 그해 겨울, 한씨 댁 광은 베틀방이 되었습니다."
228,0228.png,"[15장. 한 달 뒤, 집안이 살아나다]",921~925,5,1:02:29,1:02:52,22.9,"베틀이 하나에서 셋이 되고, 셋에서 다섯이 되었지요. 고을의 가난한 과부들과 오갈 데 없는 처자들이 베틀 앞에 앉았습니다. 시어머니가 날실 거는 법을 가르치셨고, 은실이가 북 넣는 법을 가르쳤지요. 그리고 꽃님이는 열 살 나이에 매화 암문을 짜는 자리를 맡았습니다."
229,0229.png,"[15장. 한 달 뒤, 집안이 살아나다]",926~930,5,1:02:52,1:03:14,22.2,"처음 궁에 올릴 비단을 짜던 날, 꽃님이는 베틀 앞에 앉기 전에 한참 동안 두 손을 모으고 있었습니다. ""아버지, 보고 계시지요."" 그러고는 날실 두 올을 건너뛰고 세 번째 올로 북을 넣었지요. 그 곁에서 시어머니가 소매를 걷어붙인 채 올 수를 함께 세어 주셨습니다."
230,0230.png,"[15장. 한 달 뒤, 집안이 살아나다]",931~934,4,1:03:14,1:03:35,20.4,"한때 사람 앞에서 결코 손을 내놓지 않던 분이, 이제는 온 베틀방 사람들 앞에서 굳은살 박인 손가락을 하나하나 꼽고 계셨지요. 그 비단이 궁에 들어가고, 그 값으로 한씨 댁 곳간이 다시 찼습니다. 남의 손에 넘어갔던 논밭도 하나둘 되찾았지요."
231,0231.png,"[15장. 한 달 뒤, 집안이 살아나다]",935~939,5,1:03:35,1:03:55,20.0,"첫 비단 값을 받던 날, 은실이는 가장 먼저 장터 끝 우물가를 찾아갔습니다. 실 파는 할머니가 은가락지 한 쌍을 보자기에 싸서 내밀었지요. ""팔지 않고 두었다. 언젠가 찾으러 올 줄 알았지."" 은실이는 그 가락지를 다시 손에 끼웠습니다."
232,0232.png,"[15장. 한 달 뒤, 집안이 살아나다]",940~943,4,1:03:55,1:04:15,20.0,"그리고 그날부터 한씨 댁 베틀방의 명주실은 모두 그 할머니에게서 받기로 했지요. 할머니는 등 굽은 몸으로 누에를 더 치기 시작했고, 이듬해에는 이웃 아낙 셋을 데려다 실 뽑는 법을 가르쳤습니다. 서방님은 베틀방의 장부를 맡았습니다."
233,0233.png,"[15장. 한 달 뒤, 집안이 살아나다]",944~948,5,1:04:15,1:04:37,22.9,"글만 읽던 선비가 처음으로 제 손으로 집안을 일으키는 일을 한 것이지요. 이듬해 봄, 서방님은 세 번째 과거에서 급제했습니다. ""베틀방에서 밤마다 장부를 맞추며 사람 사는 이치를 배웠소. 책에는 없던 것이었지."" 서방님은 급제 소식을 들고 가장 먼저 광으로 달려가,"
234,0234.png,"[15장. 한 달 뒤, 집안이 살아나다]",949~954,6,1:04:37,1:05:01,23.3,"베틀 앞에 앉은 어머니께 큰절을 올렸습니다. 오 참봉 댁 부인은 한동안 장터에 모습을 보이지 않다가, 어느 날 딸의 찢어진 활옷을 들고 한씨 댁 대문 앞에 찾아왔습니다. ""염치없는 줄 아오. 그래도 이 옷을 기울 수 있는 곳이 이 댁밖에 없소."" 은실이는 아무 말 없이 활옷을 받아,"
235,0235.png,"[15장. 한 달 뒤, 집안이 살아나다]",955~956,2,1:05:01,1:05:12,11.2,찢어진 자리를 매화 비단으로 곱게 덧대어 돌려주었지요. 오 참봉 댁 부인은 그 옷을 끌어안고 대문 앞에서 한참을 울다 돌아갔습니다.
236,0236.png,[16장. 매화가 다시 피는 날],957~961,5,1:05:12,1:05:33,21.2,"세월이 흘렀습니다. 꽃님이는 한씨 댁의 수양딸이 되었습니다. 시어머니는 꽃님이에게 비단 짜는 법을 하나도 남김없이 가르치셨지요. ""네 아비의 꽃은 네 손으로 이어 가거라."" 몇 해 뒤, 한씨 댁 베틀방 문 위에는 작은 현판 하나가 새로 걸렸습니다."
237,0237.png,[16장. 매화가 다시 피는 날],962~964,3,1:05:33,1:05:46,13.1,"나라에서 내려 준 것이었지요. ""매화 비단 서막동""이라는 여섯 글자였습니다. 꽃님이는 그 현판 아래를 지날 때마다 걸음을 멈추고 고개를 숙였습니다."
238,0238.png,[16장. 매화가 다시 피는 날],965~969,5,1:05:46,1:06:07,21.2,"어느 봄날, 시어머니의 머리가 하얗게 세었을 무렵이었습니다. 시어머니는 베틀방 가장 안쪽, 삼십 년 동안 거적에 덮여 있던 그 박달나무 베틀 앞에 앉아 계셨지요. 더는 북을 넣을 힘이 없으셨지만, 날마다 그 앞에 나와 앉아 베틀 소리를 들으셨습니다."
239,0239.png,[16장. 매화가 다시 피는 날],970~972,3,1:06:07,1:06:17,9.6,"그날 시어머니가 은실이를 부르셨습니다. ""아가."" 은실이가 다가가 앉자, 시어머니가 그 손을 잡으셨지요."
240,0240.png,[16장. 매화가 다시 피는 날],973,1,1:06:17,1:06:20,3.3,한 달 동안 실에 베였던 손이었습니다.
241,0241.png,[16장. 매화가 다시 피는 날],974~978,5,1:06:20,1:06:40,19.6,"이제는 그 손에도 시어머니처럼 굳은살이 단단히 박여 있었지요. 시어머니가 그 굳은살을 엄지로 오래도록 쓸어 보셨습니다. ""그때 네가 그 비단을 사 왔더라면, 나는 죽을 때까지 이 손을 소매 속에 숨기고 살았을 게다."" ""……."""
242,0242.png,[16장. 매화가 다시 피는 날],979~983,5,1:06:40,1:07:02,21.8,"""네가 거지 아이 말을 믿어 주어서, 나도 나를 믿을 수 있었다."" 시어머니가 머리에서 은비녀를 빼셨습니다. 그러고는 그것을 은실이의 손에 쥐여 주셨지요. ""이제 이 집 안사람은 너다."" 은실이는 비녀를 두 손으로 받쳐 들고 오래도록 고개를 숙였습니다."
243,0243.png,[16장. 매화가 다시 피는 날],984~988,5,1:07:02,1:07:22,20.4,"시어머니는 그해 가을, 베틀 소리를 들으며 조용히 눈을 감으셨습니다. 눈을 감으시기 전날 밤, 시어머니는 은실이와 꽃님이의 손을 양손에 하나씩 잡고 계셨지요. ""내 손은 숨기느라 삼십 년을 썼는데, 너희 손은 처음부터 내놓고 살거라."""
244,0244.png,[16장. 매화가 다시 피는 날],989~991,3,1:07:22,1:07:36,13.7,"그것이 시어머니의 마지막 말씀이었습니다. 관 속에는 매화 비단 한 자락이 함께 들어갔지요. 삼십 년을 숨기고, 마지막 몇 해를 떳떳하게 짜신 비단이었습니다."
245,0245.png,[16장. 매화가 다시 피는 날],992~996,5,1:07:36,1:07:58,22.0,"그리고 또 여러 해가 흘렀습니다. 어느 장날, 어른이 된 꽃님이가 베틀방에서 짠 비단을 들고 장터에 나갔습니다. 포목전 골목을 지나는데, 앳된 새색시 하나가 낯선 떠돌이 장수 앞에 서 있었지요. 장수가 번쩍이는 비단을 펼쳐 보이며 목청을 높이고 있었습니다."
246,0246.png,[16장. 매화가 다시 피는 날],997~1001,5,1:07:58,1:08:20,22.0,"""한양에서 온 비단이오! 오늘만 반값이오!"" 새색시가 수줍게 돈주머니를 꺼내던 순간이었습니다. 꽃님이가 다가가 새색시의 소매를 가만히 잡았지요. 그러고는 아주 오래전 한 소녀가 했던 그 말을 나직하게 건넸습니다. ""아씨, 그 비단은 사지 마세요."""
247,0247.png,[16장. 매화가 다시 피는 날],1002~1006,5,1:08:20,1:08:42,21.8,"새색시가 놀라 돌아보았습니다. 꽃님이는 웃으며 비단 끄트머리를 손톱으로 긁어 보여 주었지요. 하얗고 끈적한 것이 묻어 나왔습니다. 그날 저녁, 꽃님이는 그 새색시를 데리고 한씨 댁 베틀방으로 돌아왔습니다. 은실이가 대문 앞에서 두 사람을 맞았지요."
248,0248.png,[16장. 매화가 다시 피는 날],1007~1009,3,1:08:42,1:08:55,12.9,"머리에는 시어머니의 은비녀가 꽂혀 있었고, 두 손은 소매 밖에 나와 있었습니다. 베틀방에서는 오늘도 철컥, 철컥, 바디 소리가 끊이지 않았습니다."
249,0249.png,[16장. 매화가 다시 피는 날],1010~1012,3,1:08:55,1:09:07,12.2,"그날 밤, 은실이는 새색시에게 따뜻한 밥 한 상을 차려 주었습니다. 그리고 이튿날 새벽, 장에 나가는 길에 주먹밥 두 덩이를 싸서 품에 넣었지요."
250,0250.png,[16장. 매화가 다시 피는 날],1013~1014,2,1:09:07,1:09:20,12.9,"장터 초입 무너진 담장 아래에는 오늘도 누군가 웅크리고 앉아 있을 테니까요. 한 덩이는 그 아이의 몫이었고, 한 덩이는 은실이가 거른 아침이었습니다."
251,0251.png,[16장. 매화가 다시 피는 날],1015~1016,2,1:09:20,1:09:27,6.9,"창살 틈으로 들어온 저녁 햇살에, 비단 위의 매화가 가만히 피어오르고 있었지요."
252,0252.png,[마무리],1017,1,1:09:27,1:09:30,2.9,거지 아이의 말 한마디였습니다.
253,0253.png,[마무리],1018,1,1:09:30,1:09:34,4.9,"온 고을이 비웃었고, 시어머니도 불같이 화를 내셨지요."
254,0254.png,[마무리],1019~1023,5,1:09:34,1:09:57,22.7,"그런데 그 한마디를 믿어 준 며느리 덕분에 세 사람이 살아났습니다. 억울하게 죽은 아버지의 이름을 되찾은 아이. 삼십 년 동안 소매 속에 숨겨 온 두 손을 되찾은 시어머니. 그리고 쓰러져 가던 집안을 일으킨 며느리까지요. 그 세 사람을 살린 것은 금박 박힌 비단이 아니라,"
255,0255.png,[마무리],1024~1029,6,1:09:57,1:10:20,23.1,"아무 무늬도 없어 보이던 흰 비단 한 필이었습니다. 빛을 비스듬히 받아야만 꽃이 보이는 비단이었지요. 사람도 어쩌면 그렇습니다. 생각해 보면, 은실이가 그 아이의 말을 믿을 수 있었던 까닭은 딱 하나였습니다. 장날마다 제 몫의 아침을 거르고 건넨 주먹밥 한 덩이였지요."
256,0256.png,[마무리],1030~1032,3,1:10:20,1:10:35,14.9,"그 주먹밥이 아이의 마음을 열었고, 열린 마음이 진실을 꺼내 놓았습니다. 우리는 흔히 번쩍이는 비단 도포를 입은 사람의 말은 믿고, 누더기를 걸친 아이의 말은 흘려듣습니다."
257,0257.png,[마무리],1033~1037,5,1:10:35,1:10:54,19.4,"그리고 차갑게만 들리던 어른의 말 뒤에 무엇이 숨어 있었는지는, 끝내 묻지 않고 지나가지요. 여러분 곁에도 그런 분이 계시지는 않으셨나요? 늘 손을 감추고, 말을 아끼고, 서운한 소리만 하시던 어머님이나 시어머님 말입니다."
258,0258.png,[마무리],1038~1040,3,1:10:54,1:11:11,16.3,"어쩌면 그분들의 소매 속에도 삼십 년 묵은 굳은살이 숨어 있었을지 모릅니다. 오늘은 한번, 그 손을 잡아 보시면 좋겠습니다. 오늘 이야기가 마음에 닿으셨다면 구독과 좋아요를 눌러 주십시오."
259,0259.png,[마무리],1041~1042,2,1:11:11,1:11:24,12.9,여러분의 구독 한 번이 저희에게는 새벽 베틀 앞에 켜 두는 등잔불과 같습니다. 어느 고장에서 듣고 계신지 댓글로 남겨 주시면 반갑게 인사 올리겠습니다.
260,0260.png,[마무리],1043~1045,3,1:11:24,1:11:44,20.6,다음 이야기에서는 시집살이 칠 년 만에 첫 친정길에 오른 며느리의 사연을 들려 드리겠습니다. 시어머니가 며느리의 보따리에 넣어 준 것은 깨진 항아리 하나뿐이었지요. 그런데 친정 마을 사람들은 그 항아리를 보자마자 모두 무릎을 꿇었습니다.
261,0261.png,[마무리],1046~1048,3,1:11:44,1:11:59,14.7,"그 까닭이 무엇이었는지, 다음 시간에 꼭 함께해 주십시오. 지금까지 [채널명]이었습니다. 여러분이 계신 그곳에 오늘도 매화처럼 따뜻한 하루가 피어나기를 바랍니다."
